insert into shipment_log.item_type (id, description, created_by, created_on, modified_by, modified_on) values (1, 'Branded Snacks', 'batch', sysdate(), 'batch', sysdate());
insert into shipment_log.item_type (id, description, created_by, created_on, modified_by, modified_on) values (2, 'Branded Sweets', 'batch', sysdate(), 'batch', sysdate());
insert into shipment_log.item_type (id, description, created_by, created_on, modified_by, modified_on) values (3, 'Branded Ready to eat', 'batch', sysdate(), 'batch', sysdate());
insert into shipment_log.item_type (id, description, created_by, created_on, modified_by, modified_on) values (4, 'Homemade Snacks', 'batch', sysdate(), 'batch', sysdate());
insert into shipment_log.item_type (id, description, created_by, created_on, modified_by, modified_on) values (5, 'Homemade Ready to eat', 'batch', sysdate(), 'batch', sysdate());

insert into shipment_log.zone (id, code) values (1, 1);
insert into shipment_log.zone (id, code) values (2, 2);
insert into shipment_log.zone (id, code) values (3, 3);
insert into shipment_log.zone (id, code) values (4, 4);
insert into shipment_log.zone (id, code) values (5, 5);
insert into shipment_log.zone (id, code) values (6, 6);
insert into shipment_log.zone (id, code) values (7, 7);
insert into shipment_log.zone (id, code) values (8, 8);
insert into shipment_log.zone (id, code) values (9, 9);
insert into shipment_log.zone (id, code) values (10, 10);
insert into shipment_log.zone (id, code) values (11, 11);
insert into shipment_log.zone (id, code) values (12, 12);
insert into shipment_log.zone (id, code) values (13, 13);
insert into shipment_log.zone (id, code) values (14, 14);

insert into shipment_log.country (id, iso_code, description,zone_id) values (1,'AF','Afghanistan', 11);
insert into shipment_log.country (id, iso_code, description,zone_id) values (2,'AL','Albania', 11);
insert into shipment_log.country (id, iso_code, description,zone_id) values (3,'DZ','Algeria', 11);
insert into shipment_log.country (id, iso_code, description,zone_id) values (4,'AS','American Samoa', 9);
insert into shipment_log.country (id, iso_code, description,zone_id) values (5,'AD','Andorra', 8);
insert into shipment_log.country (id, iso_code, description,zone_id) values (6,'AO','Angola', 11);
insert into shipment_log.country (id, iso_code, description,zone_id) values (7,'AI','Anguilla', 10);
insert into shipment_log.country (id, iso_code, description,zone_id) values (8,'AG','Antigua', 10);
insert into shipment_log.country (id, iso_code, description,zone_id) values (9,'AR','Argentina', 10);
insert into shipment_log.country (id, iso_code, description,zone_id) values (10,'AM','Armenia', 11);
insert into shipment_log.country (id, iso_code, description,zone_id) values (11,'AW','Aruba', 10);
insert into shipment_log.country (id, iso_code, description,zone_id) values (12,'AU','Australia', 14);
insert into shipment_log.country (id, iso_code, description,zone_id) values (13,'AT','Austria', 7);
insert into shipment_log.country (id, iso_code, description,zone_id) values (14,'AZ','Azerbaijan', 11);
insert into shipment_log.country (id, iso_code, description,zone_id) values (15,'BS','Bahamas', 10);
insert into shipment_log.country (id, iso_code, description,zone_id) values (16,'BH','Bahrain', 4);
insert into shipment_log.country (id, iso_code, description,zone_id) values (17,'BD','Bangladesh', 1);
insert into shipment_log.country (id, iso_code, description,zone_id) values (18,'BB','Barbados', 10);
insert into shipment_log.country (id, iso_code, description,zone_id) values (19,'BY','Belarus', 8);
insert into shipment_log.country (id, iso_code, description,zone_id) values (20,'BE','Belgium', 7);
insert into shipment_log.country (id, iso_code, description,zone_id) values (21,'BZ','Belize', 10);
insert into shipment_log.country (id, iso_code, description,zone_id) values (22,'BJ','Benin', 11);
insert into shipment_log.country (id, iso_code, description,zone_id) values (23,'BM','Bermuda', 10);
insert into shipment_log.country (id, iso_code, description,zone_id) values (24,'BT','Bhutan', 1);
insert into shipment_log.country (id, iso_code, description,zone_id) values (25,'BO','Bolivia', 10);
insert into shipment_log.country (id, iso_code, description,zone_id) values (26,'XB','Bonaire', 10);
insert into shipment_log.country (id, iso_code, description,zone_id) values (27,'BA','Bosnia & Herzegovin', 11);
insert into shipment_log.country (id, iso_code, description,zone_id) values (28,'BW','Botswana', 11);
insert into shipment_log.country (id, iso_code, description,zone_id) values (29,'BR','Brazil', 10);
insert into shipment_log.country (id, iso_code, description,zone_id) values (30,'BN','Brunei', 5);
insert into shipment_log.country (id, iso_code, description,zone_id) values (31,'BG','Bulgaria', 8);
insert into shipment_log.country (id, iso_code, description,zone_id) values (32,'BF','Burkina Faso', 11);
insert into shipment_log.country (id, iso_code, description,zone_id) values (33,'BI','Burundi', 11);
insert into shipment_log.country (id, iso_code, description,zone_id) values (34,'KH','Cambodia', 5);
insert into shipment_log.country (id, iso_code, description,zone_id) values (35,'CM','Cameroon', 11);
insert into shipment_log.country (id, iso_code, description,zone_id) values (36,'CA','Canada', 13);
insert into shipment_log.country (id, iso_code, description,zone_id) values (37,'IC','Canary Islands, The', 8);
insert into shipment_log.country (id, iso_code, description,zone_id) values (38,'CV','Cape Verde', 11);
insert into shipment_log.country (id, iso_code, description,zone_id) values (39,'KY','Cayman Islands', 10);
insert into shipment_log.country (id, iso_code, description,zone_id) values (40,'CF','Central African Re', 11);
insert into shipment_log.country (id, iso_code, description,zone_id) values (41,'TD','Chad', 11);
insert into shipment_log.country (id, iso_code, description,zone_id) values (42,'CL','Chile', 10);
insert into shipment_log.country (id, iso_code, description,zone_id) values (43,'CN','China', 3);
insert into shipment_log.country (id, iso_code, description,zone_id) values (44,'CO','Colombia', 10);
insert into shipment_log.country (id, iso_code, description,zone_id) values (45,'KM','Comoros', 11);
insert into shipment_log.country (id, iso_code, description,zone_id) values (46,'CG','Congo', 11);
insert into shipment_log.country (id, iso_code, description,zone_id) values (47,'CD','Congo, DPR', 11);
insert into shipment_log.country (id, iso_code, description,zone_id) values (48,'CK','Cook Islands', 11);
insert into shipment_log.country (id, iso_code, description,zone_id) values (49,'CR','Costa Rica', 10);
insert into shipment_log.country (id, iso_code, description,zone_id) values (50,'CI','Cote D Ivoire', 11);
insert into shipment_log.country (id, iso_code, description,zone_id) values (51,'HR','Croatia', 11);
insert into shipment_log.country (id, iso_code, description,zone_id) values (52,'CU','Cuba', 10);
insert into shipment_log.country (id, iso_code, description,zone_id) values (53,'XC','Curacao', 10);
insert into shipment_log.country (id, iso_code, description,zone_id) values (54,'CY','Cyprus', 8);
insert into shipment_log.country (id, iso_code, description,zone_id) values (55,'CZ','Czech Rep., The', 7);
insert into shipment_log.country (id, iso_code, description,zone_id) values (56,'DK','Denmark', 7);
insert into shipment_log.country (id, iso_code, description,zone_id) values (57,'DJ','Djibouti', 11);
insert into shipment_log.country (id, iso_code, description,zone_id) values (58,'DM','Dominica', 10);
insert into shipment_log.country (id, iso_code, description,zone_id) values (59,'DO','Dominican Rep.', 10);

insert into shipment_log.currency (id, iso_currency_code, description) values (1, 'INR', 'Indian Rupee');

insert into shipment_log.charge (id, zone_id, weight, rate, currency_id, category) values (1,1,0.5,784,1,0);
insert into shipment_log.charge (id, zone_id, weight, rate, currency_id, category) values (2,1,1,977,1,0);
insert into shipment_log.charge (id, zone_id, weight, rate, currency_id, category) values (3,1,1.5,1122,1,0);
insert into shipment_log.charge (id, zone_id, weight, rate, currency_id, category) values (4,1,2,1268,1,0);
insert into shipment_log.charge (id, zone_id, weight, rate, currency_id, category) values (5,1,0.5,811,1,1);
insert into shipment_log.charge (id, zone_id, weight, rate, currency_id, category) values (6,1,1,977,1,1);
insert into shipment_log.charge (id, zone_id, weight, rate, currency_id, category) values (7,1,1.5,1143,1,1);
insert into shipment_log.charge (id, zone_id, weight, rate, currency_id, category) values (8,1,2,1309,1,1);
insert into shipment_log.charge (id, zone_id, weight, rate, currency_id, category) values (9,1,2.5,1504,1,2);
insert into shipment_log.charge (id, zone_id, weight, rate, currency_id, category) values (10,1,3,1632,1,2);
insert into shipment_log.charge (id, zone_id, weight, rate, currency_id, category) values (11,1,3.5,1759,1,2);
insert into shipment_log.charge (id, zone_id, weight, rate, currency_id, category) values (12,1,4,1887,1,2);
insert into shipment_log.charge (id, zone_id, weight, rate, currency_id, category) values (13,1,4.5,2015,1,2);
insert into shipment_log.charge (id, zone_id, weight, rate, currency_id, category) values (14,1,5,2142,1,2);
insert into shipment_log.charge (id, zone_id, weight, rate, currency_id, category) values (15,1,5.5,2446,1,2);
insert into shipment_log.charge (id, zone_id, weight, rate, currency_id, category) values (16,1,6,2749,1,2);
insert into shipment_log.charge (id, zone_id, weight, rate, currency_id, category) values (17,1,6.5,3053,1,2);
insert into shipment_log.charge (id, zone_id, weight, rate, currency_id, category) values (18,1,7,3357,1,2);
insert into shipment_log.charge (id, zone_id, weight, rate, currency_id, category) values (19,1,7.5,3660,1,2);
insert into shipment_log.charge (id, zone_id, weight, rate, currency_id, category) values (20,1,8,3964,1,2);
insert into shipment_log.charge (id, zone_id, weight, rate, currency_id, category) values (21,1,8.5,4267,1,2);
insert into shipment_log.charge (id, zone_id, weight, rate, currency_id, category) values (22,1,9,4571,1,2);
insert into shipment_log.charge (id, zone_id, weight, rate, currency_id, category) values (23,1,9.5,4875,1,2);
insert into shipment_log.charge (id, zone_id, weight, rate, currency_id, category) values (24,1,10,5178,1,2);
insert into shipment_log.charge (id, zone_id, weight, rate, currency_id, category) values (25,1,10.5,5378,1,2);
insert into shipment_log.charge (id, zone_id, weight, rate, currency_id, category) values (26,1,11,5579,1,2);
insert into shipment_log.charge (id, zone_id, weight, rate, currency_id, category) values (27,1,11.5,5779,1,2);
insert into shipment_log.charge (id, zone_id, weight, rate, currency_id, category) values (28,1,12,5979,1,2);
insert into shipment_log.charge (id, zone_id, weight, rate, currency_id, category) values (29,1,12.5,6179,1,2);
insert into shipment_log.charge (id, zone_id, weight, rate, currency_id, category) values (30,1,13,6379,1,2);
insert into shipment_log.charge (id, zone_id, weight, rate, currency_id, category) values (31,1,13.5,6580,1,2);
insert into shipment_log.charge (id, zone_id, weight, rate, currency_id, category) values (32,1,14,6780,1,2);
insert into shipment_log.charge (id, zone_id, weight, rate, currency_id, category) values (33,1,14.5,6980,1,2);
insert into shipment_log.charge (id, zone_id, weight, rate, currency_id, category) values (34,1,15,7180,1,2);
insert into shipment_log.charge (id, zone_id, weight, rate, currency_id, category) values (35,1,15.5,7380,1,2);
insert into shipment_log.charge (id, zone_id, weight, rate, currency_id, category) values (36,1,16,7581,1,2);
insert into shipment_log.charge (id, zone_id, weight, rate, currency_id, category) values (37,1,16.5,7781,1,2);
insert into shipment_log.charge (id, zone_id, weight, rate, currency_id, category) values (38,1,17,7981,1,2);
insert into shipment_log.charge (id, zone_id, weight, rate, currency_id, category) values (39,1,17.5,8181,1,2);
insert into shipment_log.charge (id, zone_id, weight, rate, currency_id, category) values (40,1,18,8381,1,2);
insert into shipment_log.charge (id, zone_id, weight, rate, currency_id, category) values (41,1,18.5,8582,1,2);
insert into shipment_log.charge (id, zone_id, weight, rate, currency_id, category) values (42,1,19,8782,1,2);
insert into shipment_log.charge (id, zone_id, weight, rate, currency_id, category) values (43,1,19.5,8982,1,2);
insert into shipment_log.charge (id, zone_id, weight, rate, currency_id, category) values (44,1,20,9182,1,2);
insert into shipment_log.charge (id, zone_id, weight, rate, currency_id, category) values (45,1,21,9376,1,2);
insert into shipment_log.charge (id, zone_id, weight, rate, currency_id, category) values (46,1,22,9569,1,2);
insert into shipment_log.charge (id, zone_id, weight, rate, currency_id, category) values (47,1,23,9763,1,2);
insert into shipment_log.charge (id, zone_id, weight, rate, currency_id, category) values (48,1,24,9957,1,2);
insert into shipment_log.charge (id, zone_id, weight, rate, currency_id, category) values (49,1,25,10150,1,2);
insert into shipment_log.charge (id, zone_id, weight, rate, currency_id, category) values (50,1,26,10344,1,2);
insert into shipment_log.charge (id, zone_id, weight, rate, currency_id, category) values (51,1,27,10537,1,2);
insert into shipment_log.charge (id, zone_id, weight, rate, currency_id, category) values (52,1,28,10731,1,2);
insert into shipment_log.charge (id, zone_id, weight, rate, currency_id, category) values (53,1,29,10925,1,2);
insert into shipment_log.charge (id, zone_id, weight, rate, currency_id, category) values (54,1,30,11118,1,2);

insert into shipment_log.charge (id, zone_id, weight, rate, currency_id, category) values (55,2,0.5,743,1,0);
insert into shipment_log.charge (id, zone_id, weight, rate, currency_id, category) values (56,2,1,972,1,0);
insert into shipment_log.charge (id, zone_id, weight, rate, currency_id, category) values (57,2,1.5,1135,1,0);
insert into shipment_log.charge (id, zone_id, weight, rate, currency_id, category) values (58,2,2,1297,1,0);
insert into shipment_log.charge (id, zone_id, weight, rate, currency_id, category) values (59,2,0.5,784,1,1);
insert into shipment_log.charge (id, zone_id, weight, rate, currency_id, category) values (60,2,1,961,1,1);
insert into shipment_log.charge (id, zone_id, weight, rate, currency_id, category) values (61,2,1.5,1138,1,1);
insert into shipment_log.charge (id, zone_id, weight, rate, currency_id, category) values (62,2,2,1315,1,1);
insert into shipment_log.charge (id, zone_id, weight, rate, currency_id, category) values (63,2,2.5,1492,1,2);
insert into shipment_log.charge (id, zone_id, weight, rate, currency_id, category) values (64,2,3,1635,1,2);
insert into shipment_log.charge (id, zone_id, weight, rate, currency_id, category) values (65,2,3.5,1778,1,2);
insert into shipment_log.charge (id, zone_id, weight, rate, currency_id, category) values (66,2,4,1921,1,2);
insert into shipment_log.charge (id, zone_id, weight, rate, currency_id, category) values (67,2,4.5,2064,1,2);
insert into shipment_log.charge (id, zone_id, weight, rate, currency_id, category) values (68,2,5,2207,1,2);
insert into shipment_log.charge (id, zone_id, weight, rate, currency_id, category) values (69,2,5.5,2521,1,2);
insert into shipment_log.charge (id, zone_id, weight, rate, currency_id, category) values (70,2,6,2834,1,2);
insert into shipment_log.charge (id, zone_id, weight, rate, currency_id, category) values (71,2,6.5,3148,1,2);
insert into shipment_log.charge (id, zone_id, weight, rate, currency_id, category) values (72,2,7,3461,1,2);
insert into shipment_log.charge (id, zone_id, weight, rate, currency_id, category) values (73,2,7.5,3775,1,2);
insert into shipment_log.charge (id, zone_id, weight, rate, currency_id, category) values (74,2,8,4088,1,2);
insert into shipment_log.charge (id, zone_id, weight, rate, currency_id, category) values (75,2,8.5,4402,1,2);
insert into shipment_log.charge (id, zone_id, weight, rate, currency_id, category) values (76,2,9,4715,1,2);
insert into shipment_log.charge (id, zone_id, weight, rate, currency_id, category) values (77,2,9.5,5029,1,2);
insert into shipment_log.charge (id, zone_id, weight, rate, currency_id, category) values (78,2,10,5342,1,2);
insert into shipment_log.charge (id, zone_id, weight, rate, currency_id, category) values (79,2,10.5,5491,1,2);
insert into shipment_log.charge (id, zone_id, weight, rate, currency_id, category) values (80,2,11,5639,1,2);
insert into shipment_log.charge (id, zone_id, weight, rate, currency_id, category) values (81,2,11.5,5788,1,2);
insert into shipment_log.charge (id, zone_id, weight, rate, currency_id, category) values (82,2,12,5936,1,2);
insert into shipment_log.charge (id, zone_id, weight, rate, currency_id, category) values (83,2,12.5,6085,1,2);
insert into shipment_log.charge (id, zone_id, weight, rate, currency_id, category) values (84,2,13,6233,1,2);
insert into shipment_log.charge (id, zone_id, weight, rate, currency_id, category) values (85,2,13.5,6382,1,2);
insert into shipment_log.charge (id, zone_id, weight, rate, currency_id, category) values (86,2,14,6530,1,2);
insert into shipment_log.charge (id, zone_id, weight, rate, currency_id, category) values (87,2,14.5,6679,1,2);
insert into shipment_log.charge (id, zone_id, weight, rate, currency_id, category) values (88,2,15,6827,1,2);
insert into shipment_log.charge (id, zone_id, weight, rate, currency_id, category) values (89,2,15.5,6976,1,2);
insert into shipment_log.charge (id, zone_id, weight, rate, currency_id, category) values (90,2,16,7124,1,2);
insert into shipment_log.charge (id, zone_id, weight, rate, currency_id, category) values (91,2,16.5,7273,1,2);
insert into shipment_log.charge (id, zone_id, weight, rate, currency_id, category) values (92,2,17,7421,1,2);
insert into shipment_log.charge (id, zone_id, weight, rate, currency_id, category) values (93,2,17.5,7570,1,2);
insert into shipment_log.charge (id, zone_id, weight, rate, currency_id, category) values (94,2,18,7718,1,2);
insert into shipment_log.charge (id, zone_id, weight, rate, currency_id, category) values (95,2,18.5,7867,1,2);
insert into shipment_log.charge (id, zone_id, weight, rate, currency_id, category) values (96,2,19,8015,1,2);
insert into shipment_log.charge (id, zone_id, weight, rate, currency_id, category) values (97,2,19.5,8164,1,2);
insert into shipment_log.charge (id, zone_id, weight, rate, currency_id, category) values (98,2,20,8312,1,2);
insert into shipment_log.charge (id, zone_id, weight, rate, currency_id, category) values (99,2,21,8607,1,2);
insert into shipment_log.charge (id, zone_id, weight, rate, currency_id, category) values (100,2,22,8902,1,2);
insert into shipment_log.charge (id, zone_id, weight, rate, currency_id, category) values (101,2,23,9196,1,2);
insert into shipment_log.charge (id, zone_id, weight, rate, currency_id, category) values (102,2,24,9491,1,2);
insert into shipment_log.charge (id, zone_id, weight, rate, currency_id, category) values (103,2,25,9786,1,2);
insert into shipment_log.charge (id, zone_id, weight, rate, currency_id, category) values (104,2,26,10081,1,2);
insert into shipment_log.charge (id, zone_id, weight, rate, currency_id, category) values (105,2,27,10376,1,2);
insert into shipment_log.charge (id, zone_id, weight, rate, currency_id, category) values (106,2,28,10670,1,2);
insert into shipment_log.charge (id, zone_id, weight, rate, currency_id, category) values (107,2,29,10965,1,2);
insert into shipment_log.charge (id, zone_id, weight, rate, currency_id, category) values (108,2,30,11260,1,2);

insert into shipment_log.charge (id, zone_id, weight, rate, currency_id, category) values (109,3,0.5,911,1,0);
insert into shipment_log.charge (id, zone_id, weight, rate, currency_id, category) values (110,3,1,1074,1,0);
insert into shipment_log.charge (id, zone_id, weight, rate, currency_id, category) values (111,3,1.5,1284,1,0);
insert into shipment_log.charge (id, zone_id, weight, rate, currency_id, category) values (112,3,2,1494,1,0);
insert into shipment_log.charge (id, zone_id, weight, rate, currency_id, category) values (113,3,0.5,911,1,1);
insert into shipment_log.charge (id, zone_id, weight, rate, currency_id, category) values (114,3,1,1106,1,1);
insert into shipment_log.charge (id, zone_id, weight, rate, currency_id, category) values (115,3,1.5,1301,1,1);
insert into shipment_log.charge (id, zone_id, weight, rate, currency_id, category) values (116,3,2,1495,1,1);
insert into shipment_log.charge (id, zone_id, weight, rate, currency_id, category) values (117,3,2.5,1597,1,2);
insert into shipment_log.charge (id, zone_id, weight, rate, currency_id, category) values (118,3,3,1774,1,2);
insert into shipment_log.charge (id, zone_id, weight, rate, currency_id, category) values (119,3,3.5,1951,1,2);
insert into shipment_log.charge (id, zone_id, weight, rate, currency_id, category) values (120,3,4,2128,1,2);
insert into shipment_log.charge (id, zone_id, weight, rate, currency_id, category) values (121,3,4.5,2305,1,2);
insert into shipment_log.charge (id, zone_id, weight, rate, currency_id, category) values (122,3,5,2482,1,2);
insert into shipment_log.charge (id, zone_id, weight, rate, currency_id, category) values (123,3,5.5,2791,1,2);
insert into shipment_log.charge (id, zone_id, weight, rate, currency_id, category) values (124,3,6,3100,1,2);
insert into shipment_log.charge (id, zone_id, weight, rate, currency_id, category) values (125,3,6.5,3409,1,2);
insert into shipment_log.charge (id, zone_id, weight, rate, currency_id, category) values (126,3,7,3718,1,2);
insert into shipment_log.charge (id, zone_id, weight, rate, currency_id, category) values (127,3,7.5,4028,1,2);
insert into shipment_log.charge (id, zone_id, weight, rate, currency_id, category) values (128,3,8,4337,1,2);
insert into shipment_log.charge (id, zone_id, weight, rate, currency_id, category) values (129,3,8.5,4646,1,2);
insert into shipment_log.charge (id, zone_id, weight, rate, currency_id, category) values (130,3,9,4955,1,2);
insert into shipment_log.charge (id, zone_id, weight, rate, currency_id, category) values (131,3,9.5,5264,1,2);
insert into shipment_log.charge (id, zone_id, weight, rate, currency_id, category) values (132,3,10,5573,1,2);
insert into shipment_log.charge (id, zone_id, weight, rate, currency_id, category) values (133,3,10.5,5663,1,2);
insert into shipment_log.charge (id, zone_id, weight, rate, currency_id, category) values (134,3,11,5753,1,2);
insert into shipment_log.charge (id, zone_id, weight, rate, currency_id, category) values (135,3,11.5,5844,1,2);
insert into shipment_log.charge (id, zone_id, weight, rate, currency_id, category) values (136,3,12,5934,1,2);
insert into shipment_log.charge (id, zone_id, weight, rate, currency_id, category) values (137,3,12.5,6024,1,2);
insert into shipment_log.charge (id, zone_id, weight, rate, currency_id, category) values (138,3,13,6114,1,2);
insert into shipment_log.charge (id, zone_id, weight, rate, currency_id, category) values (139,3,13.5,6204,1,2);
insert into shipment_log.charge (id, zone_id, weight, rate, currency_id, category) values (140,3,14,6295,1,2);
insert into shipment_log.charge (id, zone_id, weight, rate, currency_id, category) values (141,3,14.5,6385,1,2);
insert into shipment_log.charge (id, zone_id, weight, rate, currency_id, category) values (142,3,15,6475,1,2);
insert into shipment_log.charge (id, zone_id, weight, rate, currency_id, category) values (143,3,15.5,6565,1,2);
insert into shipment_log.charge (id, zone_id, weight, rate, currency_id, category) values (144,3,16,6655,1,2);
insert into shipment_log.charge (id, zone_id, weight, rate, currency_id, category) values (145,3,16.5,6746,1,2);
insert into shipment_log.charge (id, zone_id, weight, rate, currency_id, category) values (146,3,17,6836,1,2);
insert into shipment_log.charge (id, zone_id, weight, rate, currency_id, category) values (147,3,17.5,6926,1,2);
insert into shipment_log.charge (id, zone_id, weight, rate, currency_id, category) values (148,3,18,7016,1,2);
insert into shipment_log.charge (id, zone_id, weight, rate, currency_id, category) values (149,3,18.5,7106,1,2);
insert into shipment_log.charge (id, zone_id, weight, rate, currency_id, category) values (150,3,19,7197,1,2);
insert into shipment_log.charge (id, zone_id, weight, rate, currency_id, category) values (151,3,19.5,7287,1,2);
insert into shipment_log.charge (id, zone_id, weight, rate, currency_id, category) values (152,3,20,7377,1,2);
insert into shipment_log.charge (id, zone_id, weight, rate, currency_id, category) values (153,3,21,7749,1,2);
insert into shipment_log.charge (id, zone_id, weight, rate, currency_id, category) values (154,3,22,8121,1,2);
insert into shipment_log.charge (id, zone_id, weight, rate, currency_id, category) values (155,3,23,8492,1,2);
insert into shipment_log.charge (id, zone_id, weight, rate, currency_id, category) values (156,3,24,8864,1,2);
insert into shipment_log.charge (id, zone_id, weight, rate, currency_id, category) values (157,3,25,9236,1,2);
insert into shipment_log.charge (id, zone_id, weight, rate, currency_id, category) values (158,3,26,9608,1,2);
insert into shipment_log.charge (id, zone_id, weight, rate, currency_id, category) values (159,3,27,9980,1,2);
insert into shipment_log.charge (id, zone_id, weight, rate, currency_id, category) values (160,3,28,10351,1,2);
insert into shipment_log.charge (id, zone_id, weight, rate, currency_id, category) values (161,3,29,10723,1,2);
insert into shipment_log.charge (id, zone_id, weight, rate, currency_id, category) values (162,3,30,11095,1,2);

insert into shipment_log.charge (id, zone_id, weight, rate, currency_id, category) values (163,4,0.5,811,1,0);
insert into shipment_log.charge (id, zone_id, weight, rate, currency_id, category) values (164,4,1,977,1,0);
insert into shipment_log.charge (id, zone_id, weight, rate, currency_id, category) values (165,4,1.5,1122,1,0);
insert into shipment_log.charge (id, zone_id, weight, rate, currency_id, category) values (166,4,2,1268,1,0);
insert into shipment_log.charge (id, zone_id, weight, rate, currency_id, category) values (167,4,0.5,861,1,1);
insert into shipment_log.charge (id, zone_id, weight, rate, currency_id, category) values (168,4,1,964,1,1);
insert into shipment_log.charge (id, zone_id, weight, rate, currency_id, category) values (169,4,1.5,1067,1,1);
insert into shipment_log.charge (id, zone_id, weight, rate, currency_id, category) values (170,4,2,1171,1,1);
insert into shipment_log.charge (id, zone_id, weight, rate, currency_id, category) values (171,4,2.5,1274,1,2);
insert into shipment_log.charge (id, zone_id, weight, rate, currency_id, category) values (172,4,3,1438,1,2);
insert into shipment_log.charge (id, zone_id, weight, rate, currency_id, category) values (173,4,3.5,1602,1,2);
insert into shipment_log.charge (id, zone_id, weight, rate, currency_id, category) values (174,4,4,1766,1,2);
insert into shipment_log.charge (id, zone_id, weight, rate, currency_id, category) values (175,4,4.5,1930,1,2);
insert into shipment_log.charge (id, zone_id, weight, rate, currency_id, category) values (176,4,5,2094,1,2);
insert into shipment_log.charge (id, zone_id, weight, rate, currency_id, category) values (177,4,5.5,2271,1,2);
insert into shipment_log.charge (id, zone_id, weight, rate, currency_id, category) values (178,4,6,2448,1,2);
insert into shipment_log.charge (id, zone_id, weight, rate, currency_id, category) values (179,4,6.5,2625,1,2);
insert into shipment_log.charge (id, zone_id, weight, rate, currency_id, category) values (180,4,7,2802,1,2);
insert into shipment_log.charge (id, zone_id, weight, rate, currency_id, category) values (181,4,7.5,2979,1,2);
insert into shipment_log.charge (id, zone_id, weight, rate, currency_id, category) values (182,4,8,3156,1,2);
insert into shipment_log.charge (id, zone_id, weight, rate, currency_id, category) values (183,4,8.5,3333,1,2);
insert into shipment_log.charge (id, zone_id, weight, rate, currency_id, category) values (184,4,9,3511,1,2);
insert into shipment_log.charge (id, zone_id, weight, rate, currency_id, category) values (185,4,9.5,3688,1,2);
insert into shipment_log.charge (id, zone_id, weight, rate, currency_id, category) values (186,4,10,3865,1,2);
insert into shipment_log.charge (id, zone_id, weight, rate, currency_id, category) values (187,4,10.5,4042,1,2);
insert into shipment_log.charge (id, zone_id, weight, rate, currency_id, category) values (188,4,11,4219,1,2);
insert into shipment_log.charge (id, zone_id, weight, rate, currency_id, category) values (189,4,11.5,4396,1,2);
insert into shipment_log.charge (id, zone_id, weight, rate, currency_id, category) values (190,4,12,4573,1,2);
insert into shipment_log.charge (id, zone_id, weight, rate, currency_id, category) values (191,4,12.5,4750,1,2);
insert into shipment_log.charge (id, zone_id, weight, rate, currency_id, category) values (192,4,13,4927,1,2);
insert into shipment_log.charge (id, zone_id, weight, rate, currency_id, category) values (193,4,13.5,5104,1,2);
insert into shipment_log.charge (id, zone_id, weight, rate, currency_id, category) values (194,4,14,5282,1,2);
insert into shipment_log.charge (id, zone_id, weight, rate, currency_id, category) values (195,4,14.5,5459,1,2);
insert into shipment_log.charge (id, zone_id, weight, rate, currency_id, category) values (196,4,15,5636,1,2);
insert into shipment_log.charge (id, zone_id, weight, rate, currency_id, category) values (197,4,15.5,5813,1,2);
insert into shipment_log.charge (id, zone_id, weight, rate, currency_id, category) values (198,4,16,5990,1,2);
insert into shipment_log.charge (id, zone_id, weight, rate, currency_id, category) values (199,4,16.5,6167,1,2);
insert into shipment_log.charge (id, zone_id, weight, rate, currency_id, category) values (200,4,17,6344,1,2);
insert into shipment_log.charge (id, zone_id, weight, rate, currency_id, category) values (201,4,17.5,6521,1,2);
insert into shipment_log.charge (id, zone_id, weight, rate, currency_id, category) values (202,4,18,6698,1,2);
insert into shipment_log.charge (id, zone_id, weight, rate, currency_id, category) values (203,4,18.5,6875,1,2);
insert into shipment_log.charge (id, zone_id, weight, rate, currency_id, category) values (204,4,19,7053,1,2);
insert into shipment_log.charge (id, zone_id, weight, rate, currency_id, category) values (205,4,19.5,7230,1,2);
insert into shipment_log.charge (id, zone_id, weight, rate, currency_id, category) values (206,4,20,7407,1,2);
insert into shipment_log.charge (id, zone_id, weight, rate, currency_id, category) values (207,4,21,7578,1,2);
insert into shipment_log.charge (id, zone_id, weight, rate, currency_id, category) values (208,4,22,7750,1,2);
insert into shipment_log.charge (id, zone_id, weight, rate, currency_id, category) values (209,4,23,7922,1,2);
insert into shipment_log.charge (id, zone_id, weight, rate, currency_id, category) values (210,4,24,8093,1,2);
insert into shipment_log.charge (id, zone_id, weight, rate, currency_id, category) values (211,4,25,8265,1,2);
insert into shipment_log.charge (id, zone_id, weight, rate, currency_id, category) values (212,4,26,8436,1,2);
insert into shipment_log.charge (id, zone_id, weight, rate, currency_id, category) values (213,4,27,8608,1,2);
insert into shipment_log.charge (id, zone_id, weight, rate, currency_id, category) values (214,4,28,8780,1,2);
insert into shipment_log.charge (id, zone_id, weight, rate, currency_id, category) values (215,4,29,8951,1,2);
insert into shipment_log.charge (id, zone_id, weight, rate, currency_id, category) values (216,4,30,9123,1,2);


insert into shipment_log.charge (id, zone_id, weight, rate, currency_id, category) values (217,5,0.5,1133,1,0);
insert into shipment_log.charge (id, zone_id, weight, rate, currency_id, category) values (218,5,1,1385,1,0);
insert into shipment_log.charge (id, zone_id, weight, rate, currency_id, category) values (219,5,1.5,1614,1,0);
insert into shipment_log.charge (id, zone_id, weight, rate, currency_id, category) values (220,5,2,1843,1,0);
insert into shipment_log.charge (id, zone_id, weight, rate, currency_id, category) values (221,5,0.5,1076,1,1);
insert into shipment_log.charge (id, zone_id, weight, rate, currency_id, category) values (222,5,1,1323,1,1);
insert into shipment_log.charge (id, zone_id, weight, rate, currency_id, category) values (223,5,1.5,1569,1,1);
insert into shipment_log.charge (id, zone_id, weight, rate, currency_id, category) values (224,5,2,1815,1,1);
insert into shipment_log.charge (id, zone_id, weight, rate, currency_id, category) values (225,5,2.5,1884,1,2);
insert into shipment_log.charge (id, zone_id, weight, rate, currency_id, category) values (226,5,3,2046,1,2);
insert into shipment_log.charge (id, zone_id, weight, rate, currency_id, category) values (227,5,3.5,2209,1,2);
insert into shipment_log.charge (id, zone_id, weight, rate, currency_id, category) values (228,5,4,2372,1,2);
insert into shipment_log.charge (id, zone_id, weight, rate, currency_id, category) values (229,5,4.5,2535,1,2);
insert into shipment_log.charge (id, zone_id, weight, rate, currency_id, category) values (230,5,5,2698,1,2);
insert into shipment_log.charge (id, zone_id, weight, rate, currency_id, category) values (231,5,5.5,2910,1,2);
insert into shipment_log.charge (id, zone_id, weight, rate, currency_id, category) values (232,5,6,3122,1,2);
insert into shipment_log.charge (id, zone_id, weight, rate, currency_id, category) values (233,5,6.5,3335,1,2);
insert into shipment_log.charge (id, zone_id, weight, rate, currency_id, category) values (234,5,7,3547,1,2);
insert into shipment_log.charge (id, zone_id, weight, rate, currency_id, category) values (235,5,7.5,3759,1,2);
insert into shipment_log.charge (id, zone_id, weight, rate, currency_id, category) values (236,5,8,3971,1,2);
insert into shipment_log.charge (id, zone_id, weight, rate, currency_id, category) values (237,5,8.5,4184,1,2);
insert into shipment_log.charge (id, zone_id, weight, rate, currency_id, category) values (238,5,9,4396,1,2);
insert into shipment_log.charge (id, zone_id, weight, rate, currency_id, category) values (239,5,9.5,4608,1,2);
insert into shipment_log.charge (id, zone_id, weight, rate, currency_id, category) values (240,5,10,4821,1,2);
insert into shipment_log.charge (id, zone_id, weight, rate, currency_id, category) values (241,5,10.5,4987,1,2);
insert into shipment_log.charge (id, zone_id, weight, rate, currency_id, category) values (242,5,11,5153,1,2);
insert into shipment_log.charge (id, zone_id, weight, rate, currency_id, category) values (243,5,11.5,5319,1,2);
insert into shipment_log.charge (id, zone_id, weight, rate, currency_id, category) values (244,5,12,5485,1,2);
insert into shipment_log.charge (id, zone_id, weight, rate, currency_id, category) values (245,5,12.5,5651,1,2);
insert into shipment_log.charge (id, zone_id, weight, rate, currency_id, category) values (246,5,13,5817,1,2);
insert into shipment_log.charge (id, zone_id, weight, rate, currency_id, category) values (247,5,13.5,5983,1,2);
insert into shipment_log.charge (id, zone_id, weight, rate, currency_id, category) values (248,5,14,6149,1,2);
insert into shipment_log.charge (id, zone_id, weight, rate, currency_id, category) values (249,5,14.5,6316,1,2);
insert into shipment_log.charge (id, zone_id, weight, rate, currency_id, category) values (250,5,15,6482,1,2);
insert into shipment_log.charge (id, zone_id, weight, rate, currency_id, category) values (251,5,15.5,6648,1,2);
insert into shipment_log.charge (id, zone_id, weight, rate, currency_id, category) values (252,5,16,6814,1,2);
insert into shipment_log.charge (id, zone_id, weight, rate, currency_id, category) values (253,5,16.5,6980,1,2);
insert into shipment_log.charge (id, zone_id, weight, rate, currency_id, category) values (254,5,17,7146,1,2);
insert into shipment_log.charge (id, zone_id, weight, rate, currency_id, category) values (255,5,17.5,7312,1,2);
insert into shipment_log.charge (id, zone_id, weight, rate, currency_id, category) values (256,5,18,7478,1,2);
insert into shipment_log.charge (id, zone_id, weight, rate, currency_id, category) values (257,5,18.5,7644,1,2);
insert into shipment_log.charge (id, zone_id, weight, rate, currency_id, category) values (258,5,19,7810,1,2);
insert into shipment_log.charge (id, zone_id, weight, rate, currency_id, category) values (259,5,19.5,7977,1,2);
insert into shipment_log.charge (id, zone_id, weight, rate, currency_id, category) values (260,5,20,8143,1,2);
insert into shipment_log.charge (id, zone_id, weight, rate, currency_id, category) values (261,5,21,8423,1,2);
insert into shipment_log.charge (id, zone_id, weight, rate, currency_id, category) values (262,5,22,8704,1,2);
insert into shipment_log.charge (id, zone_id, weight, rate, currency_id, category) values (263,5,23,8984,1,2);
insert into shipment_log.charge (id, zone_id, weight, rate, currency_id, category) values (264,5,24,9265,1,2);
insert into shipment_log.charge (id, zone_id, weight, rate, currency_id, category) values (265,5,25,9545,1,2);
insert into shipment_log.charge (id, zone_id, weight, rate, currency_id, category) values (266,5,26,9826,1,2);
insert into shipment_log.charge (id, zone_id, weight, rate, currency_id, category) values (267,5,27,10106,1,2);
insert into shipment_log.charge (id, zone_id, weight, rate, currency_id, category) values (268,5,28,10387,1,2);
insert into shipment_log.charge (id, zone_id, weight, rate, currency_id, category) values (269,5,29,10667,1,2);
insert into shipment_log.charge (id, zone_id, weight, rate, currency_id, category) values (270,5,30,10948,1,2);

insert into shipment_log.charge (id, zone_id, weight, rate, currency_id, category) values (271,6,0.5,1195,1,0);
insert into shipment_log.charge (id, zone_id, weight, rate, currency_id, category) values (272,6,1,1421,1,0);
insert into shipment_log.charge (id, zone_id, weight, rate, currency_id, category) values (273,6,1.5,1646,1,0);
insert into shipment_log.charge (id, zone_id, weight, rate, currency_id, category) values (274,6,2,1872,1,0);
insert into shipment_log.charge (id, zone_id, weight, rate, currency_id, category) values (275,6,0.5,1195,1,1);
insert into shipment_log.charge (id, zone_id, weight, rate, currency_id, category) values (276,6,1,1421,1,1);
insert into shipment_log.charge (id, zone_id, weight, rate, currency_id, category) values (277,6,1.5,1646,1,1);
insert into shipment_log.charge (id, zone_id, weight, rate, currency_id, category) values (278,6,2,1872,1,1);
insert into shipment_log.charge (id, zone_id, weight, rate, currency_id, category) values (279,6,2.5,2097,1,2);
insert into shipment_log.charge (id, zone_id, weight, rate, currency_id, category) values (280,6,3,2280,1,2);
insert into shipment_log.charge (id, zone_id, weight, rate, currency_id, category) values (281,6,3.5,2462,1,2);
insert into shipment_log.charge (id, zone_id, weight, rate, currency_id, category) values (282,6,4,2645,1,2);
insert into shipment_log.charge (id, zone_id, weight, rate, currency_id, category) values (283,6,4.5,2827,1,2);
insert into shipment_log.charge (id, zone_id, weight, rate, currency_id, category) values (284,6,5,3010,1,2);
insert into shipment_log.charge (id, zone_id, weight, rate, currency_id, category) values (285,6,5.5,3194,1,2);
insert into shipment_log.charge (id, zone_id, weight, rate, currency_id, category) values (286,6,6,3377,1,2);
insert into shipment_log.charge (id, zone_id, weight, rate, currency_id, category) values (287,6,6.5,3561,1,2);
insert into shipment_log.charge (id, zone_id, weight, rate, currency_id, category) values (288,6,7,3745,1,2);
insert into shipment_log.charge (id, zone_id, weight, rate, currency_id, category) values (289,6,7.5,3929,1,2);
insert into shipment_log.charge (id, zone_id, weight, rate, currency_id, category) values (290,6,8,4112,1,2);
insert into shipment_log.charge (id, zone_id, weight, rate, currency_id, category) values (291,6,8.5,4296,1,2);
insert into shipment_log.charge (id, zone_id, weight, rate, currency_id, category) values (292,6,9,4480,1,2);
insert into shipment_log.charge (id, zone_id, weight, rate, currency_id, category) values (293,6,9.5,4663,1,2);
insert into shipment_log.charge (id, zone_id, weight, rate, currency_id, category) values (294,6,10,4847,1,2);
insert into shipment_log.charge (id, zone_id, weight, rate, currency_id, category) values (295,6,10.5,5086,1,2);
insert into shipment_log.charge (id, zone_id, weight, rate, currency_id, category) values (296,6,11,5324,1,2);
insert into shipment_log.charge (id, zone_id, weight, rate, currency_id, category) values (297,6,11.5,5563,1,2);
insert into shipment_log.charge (id, zone_id, weight, rate, currency_id, category) values (298,6,12,5802,1,2);
insert into shipment_log.charge (id, zone_id, weight, rate, currency_id, category) values (299,6,12.5,6041,1,2);
insert into shipment_log.charge (id, zone_id, weight, rate, currency_id, category) values (300,6,13,6279,1,2);
insert into shipment_log.charge (id, zone_id, weight, rate, currency_id, category) values (301,6,13.5,6518,1,2);
insert into shipment_log.charge (id, zone_id, weight, rate, currency_id, category) values (302,6,14,6757,1,2);
insert into shipment_log.charge (id, zone_id, weight, rate, currency_id, category) values (303,6,14.5,6995,1,2);
insert into shipment_log.charge (id, zone_id, weight, rate, currency_id, category) values (304,6,15,7234,1,2);
insert into shipment_log.charge (id, zone_id, weight, rate, currency_id, category) values (305,6,15.5,7473,1,2);
insert into shipment_log.charge (id, zone_id, weight, rate, currency_id, category) values (306,6,16,7711,1,2);
insert into shipment_log.charge (id, zone_id, weight, rate, currency_id, category) values (307,6,16.5,7950,1,2);
insert into shipment_log.charge (id, zone_id, weight, rate, currency_id, category) values (308,6,17,8189,1,2);
insert into shipment_log.charge (id, zone_id, weight, rate, currency_id, category) values (309,6,17.5,8428,1,2);
insert into shipment_log.charge (id, zone_id, weight, rate, currency_id, category) values (310,6,18,8666,1,2);
insert into shipment_log.charge (id, zone_id, weight, rate, currency_id, category) values (311,6,18.5,8905,1,2);
insert into shipment_log.charge (id, zone_id, weight, rate, currency_id, category) values (312,6,19,9144,1,2);
insert into shipment_log.charge (id, zone_id, weight, rate, currency_id, category) values (313,6,19.5,9382,1,2);
insert into shipment_log.charge (id, zone_id, weight, rate, currency_id, category) values (314,6,20,9621,1,2);
insert into shipment_log.charge (id, zone_id, weight, rate, currency_id, category) values (315,6,21,9822,1,2);
insert into shipment_log.charge (id, zone_id, weight, rate, currency_id, category) values (316,6,22,10024,1,2);
insert into shipment_log.charge (id, zone_id, weight, rate, currency_id, category) values (317,6,23,10225,1,2);
insert into shipment_log.charge (id, zone_id, weight, rate, currency_id, category) values (318,6,24,10426,1,2);
insert into shipment_log.charge (id, zone_id, weight, rate, currency_id, category) values (319,6,25,10628,1,2);
insert into shipment_log.charge (id, zone_id, weight, rate, currency_id, category) values (320,6,26,10829,1,2);
insert into shipment_log.charge (id, zone_id, weight, rate, currency_id, category) values (321,6,27,11030,1,2);
insert into shipment_log.charge (id, zone_id, weight, rate, currency_id, category) values (322,6,28,11231,1,2);
insert into shipment_log.charge (id, zone_id, weight, rate, currency_id, category) values (323,6,29,11433,1,2);
insert into shipment_log.charge (id, zone_id, weight, rate, currency_id, category) values (324,6,30,11634,1,2);

insert into shipment_log.charge (id, zone_id, weight, rate, currency_id, category) values (325,7,0.5,968,1,0);
insert into shipment_log.charge (id, zone_id, weight, rate, currency_id, category) values (326,7,1,1119,1,0);
insert into shipment_log.charge (id, zone_id, weight, rate, currency_id, category) values (327,7,1.5,1271,1,0);
insert into shipment_log.charge (id, zone_id, weight, rate, currency_id, category) values (328,7,2,1423,1,0);
insert into shipment_log.charge (id, zone_id, weight, rate, currency_id, category) values (329,7,0.5,974,1,1);
insert into shipment_log.charge (id, zone_id, weight, rate, currency_id, category) values (330,7,1,1124,1,1);
insert into shipment_log.charge (id, zone_id, weight, rate, currency_id, category) values (331,7,1.5,1276,1,1);
insert into shipment_log.charge (id, zone_id, weight, rate, currency_id, category) values (332,7,2,1429,1,1);
insert into shipment_log.charge (id, zone_id, weight, rate, currency_id, category) values (333,7,2.5,1582,1,2);
insert into shipment_log.charge (id, zone_id, weight, rate, currency_id, category) values (334,7,3,1789,1,2);
insert into shipment_log.charge (id, zone_id, weight, rate, currency_id, category) values (335,7,3.5,1996,1,2);
insert into shipment_log.charge (id, zone_id, weight, rate, currency_id, category) values (336,7,4,2203,1,2);
insert into shipment_log.charge (id, zone_id, weight, rate, currency_id, category) values (337,7,4.5,2409,1,2);
insert into shipment_log.charge (id, zone_id, weight, rate, currency_id, category) values (338,7,5,2616,1,2);
insert into shipment_log.charge (id, zone_id, weight, rate, currency_id, category) values (339,7,5.5,2705,1,2);
insert into shipment_log.charge (id, zone_id, weight, rate, currency_id, category) values (340,7,6,2794,1,2);
insert into shipment_log.charge (id, zone_id, weight, rate, currency_id, category) values (341,7,6.5,2884,1,2);
insert into shipment_log.charge (id, zone_id, weight, rate, currency_id, category) values (342,7,7,2973,1,2);
insert into shipment_log.charge (id, zone_id, weight, rate, currency_id, category) values (343,7,7.5,3062,1,2);
insert into shipment_log.charge (id, zone_id, weight, rate, currency_id, category) values (344,7,8,3151,1,2);
insert into shipment_log.charge (id, zone_id, weight, rate, currency_id, category) values (345,7,8.5,3240,1,2);
insert into shipment_log.charge (id, zone_id, weight, rate, currency_id, category) values (346,7,9,3329,1,2);
insert into shipment_log.charge (id, zone_id, weight, rate, currency_id, category) values (347,7,9.5,3418,1,2);
insert into shipment_log.charge (id, zone_id, weight, rate, currency_id, category) values (348,7,10,3507,1,2);
insert into shipment_log.charge (id, zone_id, weight, rate, currency_id, category) values (349,7,10.5,3666,1,2);
insert into shipment_log.charge (id, zone_id, weight, rate, currency_id, category) values (350,7,11,3824,1,2);
insert into shipment_log.charge (id, zone_id, weight, rate, currency_id, category) values (351,7,11.5,3982,1,2);
insert into shipment_log.charge (id, zone_id, weight, rate, currency_id, category) values (352,7,12,4141,1,2);
insert into shipment_log.charge (id, zone_id, weight, rate, currency_id, category) values (353,7,12.5,4299,1,2);
insert into shipment_log.charge (id, zone_id, weight, rate, currency_id, category) values (354,7,13,4458,1,2);
insert into shipment_log.charge (id, zone_id, weight, rate, currency_id, category) values (355,7,13.5,4616,1,2);
insert into shipment_log.charge (id, zone_id, weight, rate, currency_id, category) values (356,7,14,4774,1,2);
insert into shipment_log.charge (id, zone_id, weight, rate, currency_id, category) values (357,7,14.5,4933,1,2);
insert into shipment_log.charge (id, zone_id, weight, rate, currency_id, category) values (358,7,15,5091,1,2);
insert into shipment_log.charge (id, zone_id, weight, rate, currency_id, category) values (359,7,15.5,5250,1,2);
insert into shipment_log.charge (id, zone_id, weight, rate, currency_id, category) values (360,7,16,5408,1,2);
insert into shipment_log.charge (id, zone_id, weight, rate, currency_id, category) values (361,7,16.5,5566,1,2);
insert into shipment_log.charge (id, zone_id, weight, rate, currency_id, category) values (362,7,17,5725,1,2);
insert into shipment_log.charge (id, zone_id, weight, rate, currency_id, category) values (363,7,17.5,5883,1,2);
insert into shipment_log.charge (id, zone_id, weight, rate, currency_id, category) values (364,7,18,6042,1,2);
insert into shipment_log.charge (id, zone_id, weight, rate, currency_id, category) values (365,7,18.5,6200,1,2);
insert into shipment_log.charge (id, zone_id, weight, rate, currency_id, category) values (366,7,19,6358,1,2);
insert into shipment_log.charge (id, zone_id, weight, rate, currency_id, category) values (367,7,19.5,6517,1,2);
insert into shipment_log.charge (id, zone_id, weight, rate, currency_id, category) values (368,7,20,6675,1,2);
insert into shipment_log.charge (id, zone_id, weight, rate, currency_id, category) values (369,7,21,6883,1,2);
insert into shipment_log.charge (id, zone_id, weight, rate, currency_id, category) values (370,7,22,7091,1,2);
insert into shipment_log.charge (id, zone_id, weight, rate, currency_id, category) values (371,7,23,7299,1,2);
insert into shipment_log.charge (id, zone_id, weight, rate, currency_id, category) values (372,7,24,7507,1,2);
insert into shipment_log.charge (id, zone_id, weight, rate, currency_id, category) values (373,7,25,7715,1,2);
insert into shipment_log.charge (id, zone_id, weight, rate, currency_id, category) values (374,7,26,7923,1,2);
insert into shipment_log.charge (id, zone_id, weight, rate, currency_id, category) values (375,7,27,8131,1,2);
insert into shipment_log.charge (id, zone_id, weight, rate, currency_id, category) values (376,7,28,8338,1,2);
insert into shipment_log.charge (id, zone_id, weight, rate, currency_id, category) values (377,7,29,8546,1,2);
insert into shipment_log.charge (id, zone_id, weight, rate, currency_id, category) values (378,7,30,8754,1,2);

insert into shipment_log.charge (id, zone_id, weight, rate, currency_id, category) values (379,8,0.5,1759,1,0);
insert into shipment_log.charge (id, zone_id, weight, rate, currency_id, category) values (380,8,1,2275,1,0);
insert into shipment_log.charge (id, zone_id, weight, rate, currency_id, category) values (381,8,1.5,2791,1,0);
insert into shipment_log.charge (id, zone_id, weight, rate, currency_id, category) values (382,8,2,3307,1,0);
insert into shipment_log.charge (id, zone_id, weight, rate, currency_id, category) values (383,8,0.5,2199,1,1);
insert into shipment_log.charge (id, zone_id, weight, rate, currency_id, category) values (384,8,1,2805,1,1);
insert into shipment_log.charge (id, zone_id, weight, rate, currency_id, category) values (385,8,1.5,3407,1,1);
insert into shipment_log.charge (id, zone_id, weight, rate, currency_id, category) values (386,8,2,4009,1,1);
insert into shipment_log.charge (id, zone_id, weight, rate, currency_id, category) values (387,8,2.5,4611,1,2);
insert into shipment_log.charge (id, zone_id, weight, rate, currency_id, category) values (388,8,3,5243,1,2);
insert into shipment_log.charge (id, zone_id, weight, rate, currency_id, category) values (389,8,3.5,5876,1,2);
insert into shipment_log.charge (id, zone_id, weight, rate, currency_id, category) values (390,8,4,6508,1,2);
insert into shipment_log.charge (id, zone_id, weight, rate, currency_id, category) values (391,8,4.5,7141,1,2);
insert into shipment_log.charge (id, zone_id, weight, rate, currency_id, category) values (392,8,5,7773,1,2);
insert into shipment_log.charge (id, zone_id, weight, rate, currency_id, category) values (393,8,5.5,8346,1,2);
insert into shipment_log.charge (id, zone_id, weight, rate, currency_id, category) values (394,8,6,8919,1,2);
insert into shipment_log.charge (id, zone_id, weight, rate, currency_id, category) values (395,8,6.5,9492,1,2);
insert into shipment_log.charge (id, zone_id, weight, rate, currency_id, category) values (396,8,7,10065,1,2);
insert into shipment_log.charge (id, zone_id, weight, rate, currency_id, category) values (397,8,7.5,10639,1,2);
insert into shipment_log.charge (id, zone_id, weight, rate, currency_id, category) values (398,8,8,11212,1,2);
insert into shipment_log.charge (id, zone_id, weight, rate, currency_id, category) values (399,8,8.5,11785,1,2);
insert into shipment_log.charge (id, zone_id, weight, rate, currency_id, category) values (400,8,9,12358,1,2);
insert into shipment_log.charge (id, zone_id, weight, rate, currency_id, category) values (401,8,9.5,12931,1,2);
insert into shipment_log.charge (id, zone_id, weight, rate, currency_id, category) values (402,8,10,13504,1,2);
insert into shipment_log.charge (id, zone_id, weight, rate, currency_id, category) values (403,8,10.5,13638,1,2);
insert into shipment_log.charge (id, zone_id, weight, rate, currency_id, category) values (404,8,11,13772,1,2);
insert into shipment_log.charge (id, zone_id, weight, rate, currency_id, category) values (405,8,11.5,13907,1,2);
insert into shipment_log.charge (id, zone_id, weight, rate, currency_id, category) values (406,8,12,14041,1,2);
insert into shipment_log.charge (id, zone_id, weight, rate, currency_id, category) values (407,8,12.5,14175,1,2);
insert into shipment_log.charge (id, zone_id, weight, rate, currency_id, category) values (408,8,13,14309,1,2);
insert into shipment_log.charge (id, zone_id, weight, rate, currency_id, category) values (409,8,13.5,14443,1,2);
insert into shipment_log.charge (id, zone_id, weight, rate, currency_id, category) values (410,8,14,14578,1,2);
insert into shipment_log.charge (id, zone_id, weight, rate, currency_id, category) values (411,8,14.5,14712,1,2);
insert into shipment_log.charge (id, zone_id, weight, rate, currency_id, category) values (412,8,15,14846,1,2);
insert into shipment_log.charge (id, zone_id, weight, rate, currency_id, category) values (413,8,15.5,14980,1,2);
insert into shipment_log.charge (id, zone_id, weight, rate, currency_id, category) values (414,8,16,15114,1,2);
insert into shipment_log.charge (id, zone_id, weight, rate, currency_id, category) values (415,8,16.5,15249,1,2);
insert into shipment_log.charge (id, zone_id, weight, rate, currency_id, category) values (416,8,17,15383,1,2);
insert into shipment_log.charge (id, zone_id, weight, rate, currency_id, category) values (417,8,17.5,15517,1,2);
insert into shipment_log.charge (id, zone_id, weight, rate, currency_id, category) values (418,8,18,15651,1,2);
insert into shipment_log.charge (id, zone_id, weight, rate, currency_id, category) values (419,8,18.5,15785,1,2);
insert into shipment_log.charge (id, zone_id, weight, rate, currency_id, category) values (420,8,19,15920,1,2);
insert into shipment_log.charge (id, zone_id, weight, rate, currency_id, category) values (421,8,19.5,16054,1,2);
insert into shipment_log.charge (id, zone_id, weight, rate, currency_id, category) values (422,8,20,16188,1,2);
insert into shipment_log.charge (id, zone_id, weight, rate, currency_id, category) values (423,8,21,17804,1,2);
insert into shipment_log.charge (id, zone_id, weight, rate, currency_id, category) values (424,8,22,19420,1,2);
insert into shipment_log.charge (id, zone_id, weight, rate, currency_id, category) values (425,8,23,21036,1,2);
insert into shipment_log.charge (id, zone_id, weight, rate, currency_id, category) values (426,8,24,22652,1,2);
insert into shipment_log.charge (id, zone_id, weight, rate, currency_id, category) values (427,8,25,24268,1,2);
insert into shipment_log.charge (id, zone_id, weight, rate, currency_id, category) values (428,8,26,25883,1,2);
insert into shipment_log.charge (id, zone_id, weight, rate, currency_id, category) values (429,8,27,27499,1,2);
insert into shipment_log.charge (id, zone_id, weight, rate, currency_id, category) values (430,8,28,29115,1,2);
insert into shipment_log.charge (id, zone_id, weight, rate, currency_id, category) values (431,8,29,30731,1,2);
insert into shipment_log.charge (id, zone_id, weight, rate, currency_id, category) values (432,8,30,32347,1,2);

insert into shipment_log.charge (id, zone_id, weight, rate, currency_id, category) values (433,9,0.5,2121,1,0);
insert into shipment_log.charge (id, zone_id, weight, rate, currency_id, category) values (434,9,1,2735,1,0);
insert into shipment_log.charge (id, zone_id, weight, rate, currency_id, category) values (435,9,1.5,3349,1,0);
insert into shipment_log.charge (id, zone_id, weight, rate, currency_id, category) values (436,9,2,3963,1,0);
insert into shipment_log.charge (id, zone_id, weight, rate, currency_id, category) values (437,9,0.5,2723,1,1);
insert into shipment_log.charge (id, zone_id, weight, rate, currency_id, category) values (438,9,1,3409,1,1);
insert into shipment_log.charge (id, zone_id, weight, rate, currency_id, category) values (439,9,1.5,4096,1,1);
insert into shipment_log.charge (id, zone_id, weight, rate, currency_id, category) values (440,9,2,4782,1,1);
insert into shipment_log.charge (id, zone_id, weight, rate, currency_id, category) values (441,9,2.5,5469,1,2);
insert into shipment_log.charge (id, zone_id, weight, rate, currency_id, category) values (442,9,3,6155,1,2);
insert into shipment_log.charge (id, zone_id, weight, rate, currency_id, category) values (443,9,3.5,6841,1,2);
insert into shipment_log.charge (id, zone_id, weight, rate, currency_id, category) values (444,9,4,7528,1,2);
insert into shipment_log.charge (id, zone_id, weight, rate, currency_id, category) values (445,9,4.5,8214,1,2);
insert into shipment_log.charge (id, zone_id, weight, rate, currency_id, category) values (446,9,5,8901,1,2);
insert into shipment_log.charge (id, zone_id, weight, rate, currency_id, category) values (447,9,5.5,9381,1,2);
insert into shipment_log.charge (id, zone_id, weight, rate, currency_id, category) values (448,9,6,9862,1,2);
insert into shipment_log.charge (id, zone_id, weight, rate, currency_id, category) values (449,9,6.5,10343,1,2);
insert into shipment_log.charge (id, zone_id, weight, rate, currency_id, category) values (450,9,7,10823,1,2);
insert into shipment_log.charge (id, zone_id, weight, rate, currency_id, category) values (451,9,7.5,11304,1,2);
insert into shipment_log.charge (id, zone_id, weight, rate, currency_id, category) values (452,9,8,11785,1,2);
insert into shipment_log.charge (id, zone_id, weight, rate, currency_id, category) values (453,9,8.5,12265,1,2);
insert into shipment_log.charge (id, zone_id, weight, rate, currency_id, category) values (454,9,9,12746,1,2);
insert into shipment_log.charge (id, zone_id, weight, rate, currency_id, category) values (455,9,9.5,13227,1,2);
insert into shipment_log.charge (id, zone_id, weight, rate, currency_id, category) values (456,9,10,13708,1,2);
insert into shipment_log.charge (id, zone_id, weight, rate, currency_id, category) values (457,9,10.5,14117,1,2);
insert into shipment_log.charge (id, zone_id, weight, rate, currency_id, category) values (458,9,11,14526,1,2);
insert into shipment_log.charge (id, zone_id, weight, rate, currency_id, category) values (459,9,11.5,14935,1,2);
insert into shipment_log.charge (id, zone_id, weight, rate, currency_id, category) values (460,9,12,15344,1,2);
insert into shipment_log.charge (id, zone_id, weight, rate, currency_id, category) values (461,9,12.5,15754,1,2);
insert into shipment_log.charge (id, zone_id, weight, rate, currency_id, category) values (462,9,13,16163,1,2);
insert into shipment_log.charge (id, zone_id, weight, rate, currency_id, category) values (463,9,13.5,16572,1,2);
insert into shipment_log.charge (id, zone_id, weight, rate, currency_id, category) values (464,9,14,16981,1,2);
insert into shipment_log.charge (id, zone_id, weight, rate, currency_id, category) values (465,9,14.5,17390,1,2);
insert into shipment_log.charge (id, zone_id, weight, rate, currency_id, category) values (466,9,15,17800,1,2);
insert into shipment_log.charge (id, zone_id, weight, rate, currency_id, category) values (467,9,15.5,18209,1,2);
insert into shipment_log.charge (id, zone_id, weight, rate, currency_id, category) values (468,9,16,18618,1,2);
insert into shipment_log.charge (id, zone_id, weight, rate, currency_id, category) values (469,9,16.5,19027,1,2);
insert into shipment_log.charge (id, zone_id, weight, rate, currency_id, category) values (470,9,17,19436,1,2);
insert into shipment_log.charge (id, zone_id, weight, rate, currency_id, category) values (471,9,17.5,19846,1,2);
insert into shipment_log.charge (id, zone_id, weight, rate, currency_id, category) values (472,9,18,20255,1,2);
insert into shipment_log.charge (id, zone_id, weight, rate, currency_id, category) values (473,9,18.5,20664,1,2);
insert into shipment_log.charge (id, zone_id, weight, rate, currency_id, category) values (474,9,19,21073,1,2);
insert into shipment_log.charge (id, zone_id, weight, rate, currency_id, category) values (475,9,19.5,21482,1,2);
insert into shipment_log.charge (id, zone_id, weight, rate, currency_id, category) values (476,9,20,21892,1,2);
insert into shipment_log.charge (id, zone_id, weight, rate, currency_id, category) values (477,9,21,23324,1,2);
insert into shipment_log.charge (id, zone_id, weight, rate, currency_id, category) values (478,9,22,24756,1,2);
insert into shipment_log.charge (id, zone_id, weight, rate, currency_id, category) values (479,9,23,26188,1,2);
insert into shipment_log.charge (id, zone_id, weight, rate, currency_id, category) values (480,9,24,27620,1,2);
insert into shipment_log.charge (id, zone_id, weight, rate, currency_id, category) values (481,9,25,29053,1,2);
insert into shipment_log.charge (id, zone_id, weight, rate, currency_id, category) values (482,9,26,30485,1,2);
insert into shipment_log.charge (id, zone_id, weight, rate, currency_id, category) values (483,9,27,31917,1,2);
insert into shipment_log.charge (id, zone_id, weight, rate, currency_id, category) values (484,9,28,33349,1,2);
insert into shipment_log.charge (id, zone_id, weight, rate, currency_id, category) values (485,9,29,34781,1,2);
insert into shipment_log.charge (id, zone_id, weight, rate, currency_id, category) values (486,9,30,36214,1,2);

insert into shipment_log.charge (id, zone_id, weight, rate, currency_id, category) values (487,10,0.5,1590,1,0);
insert into shipment_log.charge (id, zone_id, weight, rate, currency_id, category) values (488,10,1,2137,1,0);
insert into shipment_log.charge (id, zone_id, weight, rate, currency_id, category) values (489,10,1.5,2376,1,0);
insert into shipment_log.charge (id, zone_id, weight, rate, currency_id, category) values (490,10,2,2616,1,0);
insert into shipment_log.charge (id, zone_id, weight, rate, currency_id, category) values (491,10,0.5,1590,1,1);
insert into shipment_log.charge (id, zone_id, weight, rate, currency_id, category) values (492,10,1,2137,1,1);
insert into shipment_log.charge (id, zone_id, weight, rate, currency_id, category) values (493,10,1.5,2376,1,1);
insert into shipment_log.charge (id, zone_id, weight, rate, currency_id, category) values (494,10,2,2616,1,1);
insert into shipment_log.charge (id, zone_id, weight, rate, currency_id, category) values (495,10,2.5,2856,1,2);
insert into shipment_log.charge (id, zone_id, weight, rate, currency_id, category) values (496,10,3,3106,1,2);
insert into shipment_log.charge (id, zone_id, weight, rate, currency_id, category) values (497,10,3.5,3355,1,2);
insert into shipment_log.charge (id, zone_id, weight, rate, currency_id, category) values (498,10,4,3605,1,2);
insert into shipment_log.charge (id, zone_id, weight, rate, currency_id, category) values (499,10,4.5,3855,1,2);
insert into shipment_log.charge (id, zone_id, weight, rate, currency_id, category) values (500,10,5,4105,1,2);
insert into shipment_log.charge (id, zone_id, weight, rate, currency_id, category) values (501,10,5.5,5629,1,2);
insert into shipment_log.charge (id, zone_id, weight, rate, currency_id, category) values (502,10,6,7154,1,2);
insert into shipment_log.charge (id, zone_id, weight, rate, currency_id, category) values (503,10,6.5,8678,1,2);
insert into shipment_log.charge (id, zone_id, weight, rate, currency_id, category) values (504,10,7,10203,1,2);
insert into shipment_log.charge (id, zone_id, weight, rate, currency_id, category) values (505,10,7.5,11728,1,2);
insert into shipment_log.charge (id, zone_id, weight, rate, currency_id, category) values (506,10,8,13252,1,2);
insert into shipment_log.charge (id, zone_id, weight, rate, currency_id, category) values (507,10,8.5,14777,1,2);
insert into shipment_log.charge (id, zone_id, weight, rate, currency_id, category) values (508,10,9,16301,1,2);
insert into shipment_log.charge (id, zone_id, weight, rate, currency_id, category) values (509,10,9.5,17826,1,2);
insert into shipment_log.charge (id, zone_id, weight, rate, currency_id, category) values (510,10,10,19351,1,2);
insert into shipment_log.charge (id, zone_id, weight, rate, currency_id, category) values (511,10,10.5,19447,1,2);
insert into shipment_log.charge (id, zone_id, weight, rate, currency_id, category) values (512,10,11,19544,1,2);
insert into shipment_log.charge (id, zone_id, weight, rate, currency_id, category) values (513,10,11.5,19641,1,2);
insert into shipment_log.charge (id, zone_id, weight, rate, currency_id, category) values (514,10,12,19738,1,2);
insert into shipment_log.charge (id, zone_id, weight, rate, currency_id, category) values (515,10,12.5,19835,1,2);
insert into shipment_log.charge (id, zone_id, weight, rate, currency_id, category) values (516,10,13,19931,1,2);
insert into shipment_log.charge (id, zone_id, weight, rate, currency_id, category) values (517,10,13.5,20028,1,2);
insert into shipment_log.charge (id, zone_id, weight, rate, currency_id, category) values (518,10,14,20125,1,2);
insert into shipment_log.charge (id, zone_id, weight, rate, currency_id, category) values (519,10,14.5,20222,1,2);
insert into shipment_log.charge (id, zone_id, weight, rate, currency_id, category) values (520,10,15,20319,1,2);
insert into shipment_log.charge (id, zone_id, weight, rate, currency_id, category) values (521,10,15.5,20415,1,2);
insert into shipment_log.charge (id, zone_id, weight, rate, currency_id, category) values (522,10,16,20512,1,2);
insert into shipment_log.charge (id, zone_id, weight, rate, currency_id, category) values (523,10,16.5,20609,1,2);
insert into shipment_log.charge (id, zone_id, weight, rate, currency_id, category) values (524,10,17,20706,1,2);
insert into shipment_log.charge (id, zone_id, weight, rate, currency_id, category) values (525,10,17.5,20803,1,2);
insert into shipment_log.charge (id, zone_id, weight, rate, currency_id, category) values (526,10,18,20899,1,2);
insert into shipment_log.charge (id, zone_id, weight, rate, currency_id, category) values (527,10,18.5,20996,1,2);
insert into shipment_log.charge (id, zone_id, weight, rate, currency_id, category) values (528,10,19,21093,1,2);
insert into shipment_log.charge (id, zone_id, weight, rate, currency_id, category) values (529,10,19.5,21190,1,2);
insert into shipment_log.charge (id, zone_id, weight, rate, currency_id, category) values (530,10,20,21287,1,2);
insert into shipment_log.charge (id, zone_id, weight, rate, currency_id, category) values (531,10,21,22928,1,2);
insert into shipment_log.charge (id, zone_id, weight, rate, currency_id, category) values (532,10,22,24569,1,2);
insert into shipment_log.charge (id, zone_id, weight, rate, currency_id, category) values (533,10,23,26210,1,2);
insert into shipment_log.charge (id, zone_id, weight, rate, currency_id, category) values (534,10,24,27851,1,2);
insert into shipment_log.charge (id, zone_id, weight, rate, currency_id, category) values (535,10,25,29493,1,2);
insert into shipment_log.charge (id, zone_id, weight, rate, currency_id, category) values (536,10,26,31134,1,2);
insert into shipment_log.charge (id, zone_id, weight, rate, currency_id, category) values (537,10,27,32775,1,2);
insert into shipment_log.charge (id, zone_id, weight, rate, currency_id, category) values (538,10,28,34416,1,2);
insert into shipment_log.charge (id, zone_id, weight, rate, currency_id, category) values (539,10,29,36057,1,2);
insert into shipment_log.charge (id, zone_id, weight, rate, currency_id, category) values (540,10,30,37699,1,2);

insert into shipment_log.charge (id, zone_id, weight, rate, currency_id, category) values (541,11,0.5,1973,1,0);
insert into shipment_log.charge (id, zone_id, weight, rate, currency_id, category) values (542,11,1,2562,1,0);
insert into shipment_log.charge (id, zone_id, weight, rate, currency_id, category) values (543,11,1.5,2902,1,0);
insert into shipment_log.charge (id, zone_id, weight, rate, currency_id, category) values (544,11,2,3242,1,0);
insert into shipment_log.charge (id, zone_id, weight, rate, currency_id, category) values (545,11,0.5,2222,1,1);
insert into shipment_log.charge (id, zone_id, weight, rate, currency_id, category) values (546,11,1,2562,1,1);
insert into shipment_log.charge (id, zone_id, weight, rate, currency_id, category) values (547,11,1.5,2902,1,1);
insert into shipment_log.charge (id, zone_id, weight, rate, currency_id, category) values (548,11,2,3242,1,1);
insert into shipment_log.charge (id, zone_id, weight, rate, currency_id, category) values (549,11,2.5,3582,1,2);
insert into shipment_log.charge (id, zone_id, weight, rate, currency_id, category) values (550,11,3,3726,1,2);
insert into shipment_log.charge (id, zone_id, weight, rate, currency_id, category) values (551,11,3.5,3870,1,2);
insert into shipment_log.charge (id, zone_id, weight, rate, currency_id, category) values (552,11,4,4014,1,2);
insert into shipment_log.charge (id, zone_id, weight, rate, currency_id, category) values (553,11,4.5,4158,1,2);
insert into shipment_log.charge (id, zone_id, weight, rate, currency_id, category) values (554,11,5,4303,1,2);
insert into shipment_log.charge (id, zone_id, weight, rate, currency_id, category) values (555,11,5.5,5673,1,2);
insert into shipment_log.charge (id, zone_id, weight, rate, currency_id, category) values (556,11,6,7044,1,2);
insert into shipment_log.charge (id, zone_id, weight, rate, currency_id, category) values (557,11,6.5,8414,1,2);
insert into shipment_log.charge (id, zone_id, weight, rate, currency_id, category) values (558,11,7,9785,1,2);
insert into shipment_log.charge (id, zone_id, weight, rate, currency_id, category) values (559,11,7.5,11156,1,2);
insert into shipment_log.charge (id, zone_id, weight, rate, currency_id, category) values (560,11,8,12526,1,2);
insert into shipment_log.charge (id, zone_id, weight, rate, currency_id, category) values (561,11,8.5,13897,1,2);
insert into shipment_log.charge (id, zone_id, weight, rate, currency_id, category) values (562,11,9,15267,1,2);
insert into shipment_log.charge (id, zone_id, weight, rate, currency_id, category) values (563,11,9.5,16638,1,2);
insert into shipment_log.charge (id, zone_id, weight, rate, currency_id, category) values (564,11,10,18009,1,2);
insert into shipment_log.charge (id, zone_id, weight, rate, currency_id, category) values (565,11,10.5,18133,1,2);
insert into shipment_log.charge (id, zone_id, weight, rate, currency_id, category) values (566,11,11,18257,1,2);
insert into shipment_log.charge (id, zone_id, weight, rate, currency_id, category) values (567,11,11.5,18381,1,2);
insert into shipment_log.charge (id, zone_id, weight, rate, currency_id, category) values (568,11,12,18506,1,2);
insert into shipment_log.charge (id, zone_id, weight, rate, currency_id, category) values (569,11,12.5,18630,1,2);
insert into shipment_log.charge (id, zone_id, weight, rate, currency_id, category) values (570,11,13,18754,1,2);
insert into shipment_log.charge (id, zone_id, weight, rate, currency_id, category) values (571,11,13.5,18879,1,2);
insert into shipment_log.charge (id, zone_id, weight, rate, currency_id, category) values (572,11,14,19003,1,2);
insert into shipment_log.charge (id, zone_id, weight, rate, currency_id, category) values (573,11,14.5,19127,1,2);
insert into shipment_log.charge (id, zone_id, weight, rate, currency_id, category) values (574,11,15,19252,1,2);
insert into shipment_log.charge (id, zone_id, weight, rate, currency_id, category) values (575,11,15.5,19376,1,2);
insert into shipment_log.charge (id, zone_id, weight, rate, currency_id, category) values (576,11,16,19500,1,2);
insert into shipment_log.charge (id, zone_id, weight, rate, currency_id, category) values (577,11,16.5,19624,1,2);
insert into shipment_log.charge (id, zone_id, weight, rate, currency_id, category) values (578,11,17,19749,1,2);
insert into shipment_log.charge (id, zone_id, weight, rate, currency_id, category) values (579,11,17.5,19873,1,2);
insert into shipment_log.charge (id, zone_id, weight, rate, currency_id, category) values (580,11,18,19997,1,2);
insert into shipment_log.charge (id, zone_id, weight, rate, currency_id, category) values (581,11,18.5,20122,1,2);
insert into shipment_log.charge (id, zone_id, weight, rate, currency_id, category) values (582,11,19,20246,1,2);
insert into shipment_log.charge (id, zone_id, weight, rate, currency_id, category) values (583,11,19.5,20370,1,2);
insert into shipment_log.charge (id, zone_id, weight, rate, currency_id, category) values (584,11,20,20495,1,2);
insert into shipment_log.charge (id, zone_id, weight, rate, currency_id, category) values (585,11,21,22158,1,2);
insert into shipment_log.charge (id, zone_id, weight, rate, currency_id, category) values (586,11,22,23821,1,2);
insert into shipment_log.charge (id, zone_id, weight, rate, currency_id, category) values (587,11,23,25484,1,2);
insert into shipment_log.charge (id, zone_id, weight, rate, currency_id, category) values (588,11,24,27147,1,2);
insert into shipment_log.charge (id, zone_id, weight, rate, currency_id, category) values (589,11,25,28811,1,2);
insert into shipment_log.charge (id, zone_id, weight, rate, currency_id, category) values (590,11,26,30474,1,2);
insert into shipment_log.charge (id, zone_id, weight, rate, currency_id, category) values (591,11,27,32137,1,2);
insert into shipment_log.charge (id, zone_id, weight, rate, currency_id, category) values (592,11,28,33800,1,2);
insert into shipment_log.charge (id, zone_id, weight, rate, currency_id, category) values (593,11,29,35463,1,2);
insert into shipment_log.charge (id, zone_id, weight, rate, currency_id, category) values (594,11,30,37127,1,2);

insert into shipment_log.charge (id, zone_id, weight, rate, currency_id, category) values (595,12,0.5,799,1,0);
insert into shipment_log.charge (id, zone_id, weight, rate, currency_id, category) values (596,12,1,1032,1,0);
insert into shipment_log.charge (id, zone_id, weight, rate, currency_id, category) values (597,12,1.5,1267,1,0);
insert into shipment_log.charge (id, zone_id, weight, rate, currency_id, category) values (598,12,2,1501,1,0);
insert into shipment_log.charge (id, zone_id, weight, rate, currency_id, category) values (599,12,0.5,849,1,1);
insert into shipment_log.charge (id, zone_id, weight, rate, currency_id, category) values (600,12,1,1020,1,1);
insert into shipment_log.charge (id, zone_id, weight, rate, currency_id, category) values (601,12,1.5,1184,1,1);
insert into shipment_log.charge (id, zone_id, weight, rate, currency_id, category) values (602,12,2,1348,1,1);
insert into shipment_log.charge (id, zone_id, weight, rate, currency_id, category) values (603,12,2.5,1512,1,2);
insert into shipment_log.charge (id, zone_id, weight, rate, currency_id, category) values (604,12,3,1711,1,2);
insert into shipment_log.charge (id, zone_id, weight, rate, currency_id, category) values (605,12,3.5,1910,1,2);
insert into shipment_log.charge (id, zone_id, weight, rate, currency_id, category) values (606,12,4,2109,1,2);
insert into shipment_log.charge (id, zone_id, weight, rate, currency_id, category) values (607,12,4.5,2308,1,2);
insert into shipment_log.charge (id, zone_id, weight, rate, currency_id, category) values (608,12,5,2507,1,2);
insert into shipment_log.charge (id, zone_id, weight, rate, currency_id, category) values (609,12,5.5,2632,1,2);
insert into shipment_log.charge (id, zone_id, weight, rate, currency_id, category) values (610,12,6,2756,1,2);
insert into shipment_log.charge (id, zone_id, weight, rate, currency_id, category) values (611,12,6.5,2880,1,2);
insert into shipment_log.charge (id, zone_id, weight, rate, currency_id, category) values (612,12,7,3005,1,2);
insert into shipment_log.charge (id, zone_id, weight, rate, currency_id, category) values (613,12,7.5,3129,1,2);
insert into shipment_log.charge (id, zone_id, weight, rate, currency_id, category) values (614,12,8,3253,1,2);
insert into shipment_log.charge (id, zone_id, weight, rate, currency_id, category) values (615,12,8.5,3377,1,2);
insert into shipment_log.charge (id, zone_id, weight, rate, currency_id, category) values (616,12,9,3502,1,2);
insert into shipment_log.charge (id, zone_id, weight, rate, currency_id, category) values (617,12,9.5,3626,1,2);
insert into shipment_log.charge (id, zone_id, weight, rate, currency_id, category) values (618,12,10,3750,1,2);
insert into shipment_log.charge (id, zone_id, weight, rate, currency_id, category) values (619,12,10.5,3947,1,2);
insert into shipment_log.charge (id, zone_id, weight, rate, currency_id, category) values (620,12,11,4144,1,2);
insert into shipment_log.charge (id, zone_id, weight, rate, currency_id, category) values (621,12,11.5,4341,1,2);
insert into shipment_log.charge (id, zone_id, weight, rate, currency_id, category) values (622,12,12,4538,1,2);
insert into shipment_log.charge (id, zone_id, weight, rate, currency_id, category) values (623,12,12.5,4735,1,2);
insert into shipment_log.charge (id, zone_id, weight, rate, currency_id, category) values (624,12,13,4932,1,2);
insert into shipment_log.charge (id, zone_id, weight, rate, currency_id, category) values (625,12,13.5,5129,1,2);
insert into shipment_log.charge (id, zone_id, weight, rate, currency_id, category) values (626,12,14,5326,1,2);
insert into shipment_log.charge (id, zone_id, weight, rate, currency_id, category) values (627,12,14.5,5522,1,2);
insert into shipment_log.charge (id, zone_id, weight, rate, currency_id, category) values (628,12,15,5719,1,2);
insert into shipment_log.charge (id, zone_id, weight, rate, currency_id, category) values (629,12,15.5,5916,1,2);
insert into shipment_log.charge (id, zone_id, weight, rate, currency_id, category) values (630,12,16,6113,1,2);
insert into shipment_log.charge (id, zone_id, weight, rate, currency_id, category) values (631,12,16.5,6310,1,2);
insert into shipment_log.charge (id, zone_id, weight, rate, currency_id, category) values (632,12,17,6507,1,2);
insert into shipment_log.charge (id, zone_id, weight, rate, currency_id, category) values (633,12,17.5,6704,1,2);
insert into shipment_log.charge (id, zone_id, weight, rate, currency_id, category) values (634,12,18,6901,1,2);
insert into shipment_log.charge (id, zone_id, weight, rate, currency_id, category) values (635,12,18.5,7098,1,2);
insert into shipment_log.charge (id, zone_id, weight, rate, currency_id, category) values (636,12,19,7295,1,2);
insert into shipment_log.charge (id, zone_id, weight, rate, currency_id, category) values (637,12,19.5,7491,1,2);
insert into shipment_log.charge (id, zone_id, weight, rate, currency_id, category) values (638,12,20,7688,1,2);
insert into shipment_log.charge (id, zone_id, weight, rate, currency_id, category) values (639,12,21,7980,1,2);
insert into shipment_log.charge (id, zone_id, weight, rate, currency_id, category) values (640,12,22,8271,1,2);
insert into shipment_log.charge (id, zone_id, weight, rate, currency_id, category) values (641,12,23,8563,1,2);
insert into shipment_log.charge (id, zone_id, weight, rate, currency_id, category) values (642,12,24,8854,1,2);
insert into shipment_log.charge (id, zone_id, weight, rate, currency_id, category) values (643,12,25,9213,1,2);
insert into shipment_log.charge (id, zone_id, weight, rate, currency_id, category) values (644,12,26,9581,1,2);
insert into shipment_log.charge (id, zone_id, weight, rate, currency_id, category) values (645,12,27,9950,1,2);
insert into shipment_log.charge (id, zone_id, weight, rate, currency_id, category) values (646,12,28,10318,1,2);
insert into shipment_log.charge (id, zone_id, weight, rate, currency_id, category) values (647,12,29,10687,1,2);
insert into shipment_log.charge (id, zone_id, weight, rate, currency_id, category) values (648,12,30,11055,1,2);

insert into shipment_log.charge (id, zone_id, weight, rate, currency_id, category) values (649,13,0.5,1034,1,0);
insert into shipment_log.charge (id, zone_id, weight, rate, currency_id, category) values (650,13,1,1198,1,0);
insert into shipment_log.charge (id, zone_id, weight, rate, currency_id, category) values (651,13,1.5,1362,1,0);
insert into shipment_log.charge (id, zone_id, weight, rate, currency_id, category) values (652,13,2,1526,1,0);
insert into shipment_log.charge (id, zone_id, weight, rate, currency_id, category) values (653,13,0.5,1037,1,1);
insert into shipment_log.charge (id, zone_id, weight, rate, currency_id, category) values (654,13,1,1201,1,1);
insert into shipment_log.charge (id, zone_id, weight, rate, currency_id, category) values (655,13,1.5,1364,1,1);
insert into shipment_log.charge (id, zone_id, weight, rate, currency_id, category) values (656,13,2,1528,1,1);
insert into shipment_log.charge (id, zone_id, weight, rate, currency_id, category) values (657,13,2.5,1692,1,2);
insert into shipment_log.charge (id, zone_id, weight, rate, currency_id, category) values (658,13,3,1875,1,2);
insert into shipment_log.charge (id, zone_id, weight, rate, currency_id, category) values (659,13,3.5,2057,1,2);
insert into shipment_log.charge (id, zone_id, weight, rate, currency_id, category) values (660,13,4,2240,1,2);
insert into shipment_log.charge (id, zone_id, weight, rate, currency_id, category) values (661,13,4.5,2423,1,2);
insert into shipment_log.charge (id, zone_id, weight, rate, currency_id, category) values (662,13,5,2605,1,2);
insert into shipment_log.charge (id, zone_id, weight, rate, currency_id, category) values (663,13,5.5,2714,1,2);
insert into shipment_log.charge (id, zone_id, weight, rate, currency_id, category) values (664,13,6,2823,1,2);
insert into shipment_log.charge (id, zone_id, weight, rate, currency_id, category) values (665,13,6.5,2932,1,2);
insert into shipment_log.charge (id, zone_id, weight, rate, currency_id, category) values (666,13,7,3041,1,2);
insert into shipment_log.charge (id, zone_id, weight, rate, currency_id, category) values (667,13,7.5,3150,1,2);
insert into shipment_log.charge (id, zone_id, weight, rate, currency_id, category) values (668,13,8,3259,1,2);
insert into shipment_log.charge (id, zone_id, weight, rate, currency_id, category) values (669,13,8.5,3368,1,2);
insert into shipment_log.charge (id, zone_id, weight, rate, currency_id, category) values (670,13,9,3476,1,2);
insert into shipment_log.charge (id, zone_id, weight, rate, currency_id, category) values (671,13,9.5,3585,1,2);
insert into shipment_log.charge (id, zone_id, weight, rate, currency_id, category) values (672,13,10,3694,1,2);
insert into shipment_log.charge (id, zone_id, weight, rate, currency_id, category) values (673,13,10.5,3893,1,2);
insert into shipment_log.charge (id, zone_id, weight, rate, currency_id, category) values (674,13,11,4092,1,2);
insert into shipment_log.charge (id, zone_id, weight, rate, currency_id, category) values (675,13,11.5,4292,1,2);
insert into shipment_log.charge (id, zone_id, weight, rate, currency_id, category) values (676,13,12,4491,1,2);
insert into shipment_log.charge (id, zone_id, weight, rate, currency_id, category) values (677,13,12.5,4690,1,2);
insert into shipment_log.charge (id, zone_id, weight, rate, currency_id, category) values (678,13,13,4889,1,2);
insert into shipment_log.charge (id, zone_id, weight, rate, currency_id, category) values (679,13,13.5,5088,1,2);
insert into shipment_log.charge (id, zone_id, weight, rate, currency_id, category) values (680,13,14,5287,1,2);
insert into shipment_log.charge (id, zone_id, weight, rate, currency_id, category) values (681,13,14.5,5486,1,2);
insert into shipment_log.charge (id, zone_id, weight, rate, currency_id, category) values (682,13,15,5685,1,2);
insert into shipment_log.charge (id, zone_id, weight, rate, currency_id, category) values (683,13,15.5,5884,1,2);
insert into shipment_log.charge (id, zone_id, weight, rate, currency_id, category) values (684,13,16,6083,1,2);
insert into shipment_log.charge (id, zone_id, weight, rate, currency_id, category) values (685,13,16.5,6283,1,2);
insert into shipment_log.charge (id, zone_id, weight, rate, currency_id, category) values (686,13,17,6482,1,2);
insert into shipment_log.charge (id, zone_id, weight, rate, currency_id, category) values (687,13,17.5,6681,1,2);
insert into shipment_log.charge (id, zone_id, weight, rate, currency_id, category) values (688,13,18,6880,1,2);
insert into shipment_log.charge (id, zone_id, weight, rate, currency_id, category) values (689,13,18.5,7079,1,2);
insert into shipment_log.charge (id, zone_id, weight, rate, currency_id, category) values (690,13,19,7278,1,2);
insert into shipment_log.charge (id, zone_id, weight, rate, currency_id, category) values (691,13,19.5,7477,1,2);
insert into shipment_log.charge (id, zone_id, weight, rate, currency_id, category) values (692,13,20,7676,1,2);
insert into shipment_log.charge (id, zone_id, weight, rate, currency_id, category) values (693,13,21,8160,1,2);
insert into shipment_log.charge (id, zone_id, weight, rate, currency_id, category) values (694,13,22,8644,1,2);
insert into shipment_log.charge (id, zone_id, weight, rate, currency_id, category) values (695,13,23,9128,1,2);
insert into shipment_log.charge (id, zone_id, weight, rate, currency_id, category) values (696,13,24,9612,1,2);
insert into shipment_log.charge (id, zone_id, weight, rate, currency_id, category) values (697,13,25,10096,1,2);
insert into shipment_log.charge (id, zone_id, weight, rate, currency_id, category) values (698,13,26,10580,1,2);
insert into shipment_log.charge (id, zone_id, weight, rate, currency_id, category) values (699,13,27,11064,1,2);
insert into shipment_log.charge (id, zone_id, weight, rate, currency_id, category) values (700,13,28,11548,1,2);
insert into shipment_log.charge (id, zone_id, weight, rate, currency_id, category) values (701,13,29,12032,1,2);
insert into shipment_log.charge (id, zone_id, weight, rate, currency_id, category) values (702,13,30,12516,1,2);

insert into shipment_log.charge (id, zone_id, weight, rate, currency_id, category) values (703,14,0.5,1073,1,0);
insert into shipment_log.charge (id, zone_id, weight, rate, currency_id, category) values (704,14,1,1308,1,0);
insert into shipment_log.charge (id, zone_id, weight, rate, currency_id, category) values (705,14,1.5,1544,1,0);
insert into shipment_log.charge (id, zone_id, weight, rate, currency_id, category) values (706,14,2,1779,1,0);
insert into shipment_log.charge (id, zone_id, weight, rate, currency_id, category) values (707,14,0.5,1073,1,1);
insert into shipment_log.charge (id, zone_id, weight, rate, currency_id, category) values (708,14,1,1308,1,1);
insert into shipment_log.charge (id, zone_id, weight, rate, currency_id, category) values (709,14,1.5,1544,1,1);
insert into shipment_log.charge (id, zone_id, weight, rate, currency_id, category) values (710,14,2,1779,1,1);
insert into shipment_log.charge (id, zone_id, weight, rate, currency_id, category) values (711,14,2.5,1799,1,2);
insert into shipment_log.charge (id, zone_id, weight, rate, currency_id, category) values (712,14,3,1949,1,2);
insert into shipment_log.charge (id, zone_id, weight, rate, currency_id, category) values (713,14,3.5,2098,1,2);
insert into shipment_log.charge (id, zone_id, weight, rate, currency_id, category) values (714,14,4,2248,1,2);
insert into shipment_log.charge (id, zone_id, weight, rate, currency_id, category) values (715,14,4.5,2397,1,2);
insert into shipment_log.charge (id, zone_id, weight, rate, currency_id, category) values (716,14,5,2547,1,2);
insert into shipment_log.charge (id, zone_id, weight, rate, currency_id, category) values (717,14,5.5,2686,1,2);
insert into shipment_log.charge (id, zone_id, weight, rate, currency_id, category) values (718,14,6,2824,1,2);
insert into shipment_log.charge (id, zone_id, weight, rate, currency_id, category) values (719,14,6.5,2963,1,2);
insert into shipment_log.charge (id, zone_id, weight, rate, currency_id, category) values (720,14,7,3101,1,2);
insert into shipment_log.charge (id, zone_id, weight, rate, currency_id, category) values (721,14,7.5,3240,1,2);
insert into shipment_log.charge (id, zone_id, weight, rate, currency_id, category) values (722,14,8,3379,1,2);
insert into shipment_log.charge (id, zone_id, weight, rate, currency_id, category) values (723,14,8.5,3517,1,2);
insert into shipment_log.charge (id, zone_id, weight, rate, currency_id, category) values (724,14,9,3656,1,2);
insert into shipment_log.charge (id, zone_id, weight, rate, currency_id, category) values (725,14,9.5,3794,1,2);
insert into shipment_log.charge (id, zone_id, weight, rate, currency_id, category) values (726,14,10,3933,1,2);
insert into shipment_log.charge (id, zone_id, weight, rate, currency_id, category) values (727,14,10.5,4091,1,2);
insert into shipment_log.charge (id, zone_id, weight, rate, currency_id, category) values (728,14,11,4250,1,2);
insert into shipment_log.charge (id, zone_id, weight, rate, currency_id, category) values (729,14,11.5,4408,1,2);
insert into shipment_log.charge (id, zone_id, weight, rate, currency_id, category) values (730,14,12,4567,1,2);
insert into shipment_log.charge (id, zone_id, weight, rate, currency_id, category) values (731,14,12.5,4725,1,2);
insert into shipment_log.charge (id, zone_id, weight, rate, currency_id, category) values (732,14,13,4883,1,2);
insert into shipment_log.charge (id, zone_id, weight, rate, currency_id, category) values (733,14,13.5,5042,1,2);
insert into shipment_log.charge (id, zone_id, weight, rate, currency_id, category) values (734,14,14,5200,1,2);
insert into shipment_log.charge (id, zone_id, weight, rate, currency_id, category) values (735,14,14.5,5359,1,2);
insert into shipment_log.charge (id, zone_id, weight, rate, currency_id, category) values (736,14,15,5517,1,2);
insert into shipment_log.charge (id, zone_id, weight, rate, currency_id, category) values (737,14,15.5,5675,1,2);
insert into shipment_log.charge (id, zone_id, weight, rate, currency_id, category) values (738,14,16,5834,1,2);
insert into shipment_log.charge (id, zone_id, weight, rate, currency_id, category) values (739,14,16.5,5992,1,2);
insert into shipment_log.charge (id, zone_id, weight, rate, currency_id, category) values (740,14,17,6151,1,2);
insert into shipment_log.charge (id, zone_id, weight, rate, currency_id, category) values (741,14,17.5,6309,1,2);
insert into shipment_log.charge (id, zone_id, weight, rate, currency_id, category) values (742,14,18,6467,1,2);
insert into shipment_log.charge (id, zone_id, weight, rate, currency_id, category) values (743,14,18.5,6626,1,2);
insert into shipment_log.charge (id, zone_id, weight, rate, currency_id, category) values (744,14,19,6784,1,2);
insert into shipment_log.charge (id, zone_id, weight, rate, currency_id, category) values (745,14,19.5,6943,1,2);
insert into shipment_log.charge (id, zone_id, weight, rate, currency_id, category) values (746,14,20,7101,1,2);
insert into shipment_log.charge (id, zone_id, weight, rate, currency_id, category) values (747,14,21,7429,1,2);
insert into shipment_log.charge (id, zone_id, weight, rate, currency_id, category) values (748,14,22,7757,1,2);
insert into shipment_log.charge (id, zone_id, weight, rate, currency_id, category) values (749,14,23,8084,1,2);
insert into shipment_log.charge (id, zone_id, weight, rate, currency_id, category) values (750,14,24,8412,1,2);
insert into shipment_log.charge (id, zone_id, weight, rate, currency_id, category) values (751,14,25,8740,1,2);
insert into shipment_log.charge (id, zone_id, weight, rate, currency_id, category) values (752,14,26,9068,1,2);
insert into shipment_log.charge (id, zone_id, weight, rate, currency_id, category) values (753,14,27,9396,1,2);
insert into shipment_log.charge (id, zone_id, weight, rate, currency_id, category) values (754,14,28,9723,1,2);
insert into shipment_log.charge (id, zone_id, weight, rate, currency_id, category) values (755,14,29,10051,1,2);
insert into shipment_log.charge (id, zone_id, weight, rate, currency_id, category) values (756,14,30,10379,1,2);

insert into shipment_log.charge (id, zone_id, weight, rate, currency_id, category) values (757,1,31,325,1,2);
insert into shipment_log.charge (id, zone_id, weight, rate, currency_id, category) values (758,1,31.5,325,1,2);
insert into shipment_log.charge (id, zone_id, weight, rate, currency_id, category) values (759,1,32,325,1,2);
insert into shipment_log.charge (id, zone_id, weight, rate, currency_id, category) values (760,1,32.5,325,1,2);
insert into shipment_log.charge (id, zone_id, weight, rate, currency_id, category) values (761,1,33,325,1,2);
insert into shipment_log.charge (id, zone_id, weight, rate, currency_id, category) values (762,1,33.5,325,1,2);
insert into shipment_log.charge (id, zone_id, weight, rate, currency_id, category) values (763,1,34,325,1,2);
insert into shipment_log.charge (id, zone_id, weight, rate, currency_id, category) values (764,1,34.5,325,1,2);
insert into shipment_log.charge (id, zone_id, weight, rate, currency_id, category) values (765,1,35,325,1,2);
insert into shipment_log.charge (id, zone_id, weight, rate, currency_id, category) values (766,1,35.5,325,1,2);
insert into shipment_log.charge (id, zone_id, weight, rate, currency_id, category) values (767,1,36,325,1,2);
insert into shipment_log.charge (id, zone_id, weight, rate, currency_id, category) values (768,1,36.5,325,1,2);
insert into shipment_log.charge (id, zone_id, weight, rate, currency_id, category) values (769,1,37,325,1,2);
insert into shipment_log.charge (id, zone_id, weight, rate, currency_id, category) values (770,1,37.5,325,1,2);
insert into shipment_log.charge (id, zone_id, weight, rate, currency_id, category) values (771,1,38,325,1,2);
insert into shipment_log.charge (id, zone_id, weight, rate, currency_id, category) values (772,1,38.5,325,1,2);
insert into shipment_log.charge (id, zone_id, weight, rate, currency_id, category) values (773,1,39,325,1,2);
insert into shipment_log.charge (id, zone_id, weight, rate, currency_id, category) values (774,1,39.5,325,1,2);
insert into shipment_log.charge (id, zone_id, weight, rate, currency_id, category) values (775,1,40,325,1,2);
insert into shipment_log.charge (id, zone_id, weight, rate, currency_id, category) values (776,1,40.5,325,1,2);
insert into shipment_log.charge (id, zone_id, weight, rate, currency_id, category) values (777,1,41,325,1,2);
insert into shipment_log.charge (id, zone_id, weight, rate, currency_id, category) values (778,1,41.5,325,1,2);
insert into shipment_log.charge (id, zone_id, weight, rate, currency_id, category) values (779,1,42,325,1,2);
insert into shipment_log.charge (id, zone_id, weight, rate, currency_id, category) values (780,1,42.5,325,1,2);
insert into shipment_log.charge (id, zone_id, weight, rate, currency_id, category) values (781,1,43,325,1,2);
insert into shipment_log.charge (id, zone_id, weight, rate, currency_id, category) values (782,1,43.5,325,1,2);
insert into shipment_log.charge (id, zone_id, weight, rate, currency_id, category) values (783,1,44,325,1,2);
insert into shipment_log.charge (id, zone_id, weight, rate, currency_id, category) values (784,1,44.5,325,1,2);
insert into shipment_log.charge (id, zone_id, weight, rate, currency_id, category) values (785,1,45,325,1,2);
insert into shipment_log.charge (id, zone_id, weight, rate, currency_id, category) values (786,1,45.5,325,1,2);
insert into shipment_log.charge (id, zone_id, weight, rate, currency_id, category) values (787,1,46,325,1,2);
insert into shipment_log.charge (id, zone_id, weight, rate, currency_id, category) values (788,1,46.5,325,1,2);
insert into shipment_log.charge (id, zone_id, weight, rate, currency_id, category) values (789,1,47,325,1,2);
insert into shipment_log.charge (id, zone_id, weight, rate, currency_id, category) values (790,1,47.5,325,1,2);
insert into shipment_log.charge (id, zone_id, weight, rate, currency_id, category) values (791,1,48,325,1,2);
insert into shipment_log.charge (id, zone_id, weight, rate, currency_id, category) values (792,1,48.5,325,1,2);
insert into shipment_log.charge (id, zone_id, weight, rate, currency_id, category) values (793,1,49,325,1,2);
insert into shipment_log.charge (id, zone_id, weight, rate, currency_id, category) values (794,1,49.5,325,1,2);
insert into shipment_log.charge (id, zone_id, weight, rate, currency_id, category) values (795,1,50,325,1,2);

insert into shipment_log.charge (id, zone_id, weight, rate, currency_id, category) values (796,2,31,325,1,2);
insert into shipment_log.charge (id, zone_id, weight, rate, currency_id, category) values (797,2,31.5,325,1,2);
insert into shipment_log.charge (id, zone_id, weight, rate, currency_id, category) values (798,2,32,325,1,2);
insert into shipment_log.charge (id, zone_id, weight, rate, currency_id, category) values (799,2,32.5,325,1,2);
insert into shipment_log.charge (id, zone_id, weight, rate, currency_id, category) values (800,2,33,325,1,2);
insert into shipment_log.charge (id, zone_id, weight, rate, currency_id, category) values (801,2,33.5,325,1,2);
insert into shipment_log.charge (id, zone_id, weight, rate, currency_id, category) values (802,2,34,325,1,2);
insert into shipment_log.charge (id, zone_id, weight, rate, currency_id, category) values (803,2,34.5,325,1,2);
insert into shipment_log.charge (id, zone_id, weight, rate, currency_id, category) values (804,2,35,325,1,2);
insert into shipment_log.charge (id, zone_id, weight, rate, currency_id, category) values (805,2,35.5,325,1,2);
insert into shipment_log.charge (id, zone_id, weight, rate, currency_id, category) values (806,2,36,325,1,2);
insert into shipment_log.charge (id, zone_id, weight, rate, currency_id, category) values (807,2,36.5,325,1,2);
insert into shipment_log.charge (id, zone_id, weight, rate, currency_id, category) values (808,2,37,325,1,2);
insert into shipment_log.charge (id, zone_id, weight, rate, currency_id, category) values (809,2,37.5,325,1,2);
insert into shipment_log.charge (id, zone_id, weight, rate, currency_id, category) values (810,2,38,325,1,2);
insert into shipment_log.charge (id, zone_id, weight, rate, currency_id, category) values (811,2,38.5,325,1,2);
insert into shipment_log.charge (id, zone_id, weight, rate, currency_id, category) values (812,2,39,325,1,2);
insert into shipment_log.charge (id, zone_id, weight, rate, currency_id, category) values (813,2,39.5,325,1,2);
insert into shipment_log.charge (id, zone_id, weight, rate, currency_id, category) values (814,2,40,325,1,2);
insert into shipment_log.charge (id, zone_id, weight, rate, currency_id, category) values (815,2,40.5,325,1,2);
insert into shipment_log.charge (id, zone_id, weight, rate, currency_id, category) values (816,2,41,325,1,2);
insert into shipment_log.charge (id, zone_id, weight, rate, currency_id, category) values (817,2,41.5,325,1,2);
insert into shipment_log.charge (id, zone_id, weight, rate, currency_id, category) values (818,2,42,325,1,2);
insert into shipment_log.charge (id, zone_id, weight, rate, currency_id, category) values (819,2,42.5,325,1,2);
insert into shipment_log.charge (id, zone_id, weight, rate, currency_id, category) values (820,2,43,325,1,2);
insert into shipment_log.charge (id, zone_id, weight, rate, currency_id, category) values (821,2,43.5,325,1,2);
insert into shipment_log.charge (id, zone_id, weight, rate, currency_id, category) values (822,2,44,325,1,2);
insert into shipment_log.charge (id, zone_id, weight, rate, currency_id, category) values (823,2,44.5,325,1,2);
insert into shipment_log.charge (id, zone_id, weight, rate, currency_id, category) values (824,2,45,325,1,2);
insert into shipment_log.charge (id, zone_id, weight, rate, currency_id, category) values (825,2,45.5,325,1,2);
insert into shipment_log.charge (id, zone_id, weight, rate, currency_id, category) values (826,2,46,325,1,2);
insert into shipment_log.charge (id, zone_id, weight, rate, currency_id, category) values (827,2,46.5,325,1,2);
insert into shipment_log.charge (id, zone_id, weight, rate, currency_id, category) values (828,2,47,325,1,2);
insert into shipment_log.charge (id, zone_id, weight, rate, currency_id, category) values (829,2,47.5,325,1,2);
insert into shipment_log.charge (id, zone_id, weight, rate, currency_id, category) values (830,2,48,325,1,2);
insert into shipment_log.charge (id, zone_id, weight, rate, currency_id, category) values (831,2,48.5,325,1,2);
insert into shipment_log.charge (id, zone_id, weight, rate, currency_id, category) values (832,2,49,325,1,2);
insert into shipment_log.charge (id, zone_id, weight, rate, currency_id, category) values (833,2,49.5,325,1,2);
insert into shipment_log.charge (id, zone_id, weight, rate, currency_id, category) values (834,2,50,325,1,2);

insert into shipment_log.charge (id, zone_id, weight, rate, currency_id, category) values (835,3,31,367,1,2);
insert into shipment_log.charge (id, zone_id, weight, rate, currency_id, category) values (836,3,31.5,367,1,2);
insert into shipment_log.charge (id, zone_id, weight, rate, currency_id, category) values (837,3,32,367,1,2);
insert into shipment_log.charge (id, zone_id, weight, rate, currency_id, category) values (838,3,32.5,367,1,2);
insert into shipment_log.charge (id, zone_id, weight, rate, currency_id, category) values (839,3,33,367,1,2);
insert into shipment_log.charge (id, zone_id, weight, rate, currency_id, category) values (840,3,33.5,367,1,2);
insert into shipment_log.charge (id, zone_id, weight, rate, currency_id, category) values (841,3,34,367,1,2);
insert into shipment_log.charge (id, zone_id, weight, rate, currency_id, category) values (842,3,34.5,367,1,2);
insert into shipment_log.charge (id, zone_id, weight, rate, currency_id, category) values (843,3,35,367,1,2);
insert into shipment_log.charge (id, zone_id, weight, rate, currency_id, category) values (844,3,35.5,367,1,2);
insert into shipment_log.charge (id, zone_id, weight, rate, currency_id, category) values (845,3,36,367,1,2);
insert into shipment_log.charge (id, zone_id, weight, rate, currency_id, category) values (846,3,36.5,367,1,2);
insert into shipment_log.charge (id, zone_id, weight, rate, currency_id, category) values (847,3,37,367,1,2);
insert into shipment_log.charge (id, zone_id, weight, rate, currency_id, category) values (848,3,37.5,367,1,2);
insert into shipment_log.charge (id, zone_id, weight, rate, currency_id, category) values (849,3,38,367,1,2);
insert into shipment_log.charge (id, zone_id, weight, rate, currency_id, category) values (850,3,38.5,367,1,2);
insert into shipment_log.charge (id, zone_id, weight, rate, currency_id, category) values (851,3,39,367,1,2);
insert into shipment_log.charge (id, zone_id, weight, rate, currency_id, category) values (852,3,39.5,367,1,2);
insert into shipment_log.charge (id, zone_id, weight, rate, currency_id, category) values (853,3,40,367,1,2);
insert into shipment_log.charge (id, zone_id, weight, rate, currency_id, category) values (854,3,40.5,367,1,2);
insert into shipment_log.charge (id, zone_id, weight, rate, currency_id, category) values (855,3,41,367,1,2);
insert into shipment_log.charge (id, zone_id, weight, rate, currency_id, category) values (856,3,41.5,367,1,2);
insert into shipment_log.charge (id, zone_id, weight, rate, currency_id, category) values (857,3,42,367,1,2);
insert into shipment_log.charge (id, zone_id, weight, rate, currency_id, category) values (858,3,42.5,367,1,2);
insert into shipment_log.charge (id, zone_id, weight, rate, currency_id, category) values (859,3,43,367,1,2);
insert into shipment_log.charge (id, zone_id, weight, rate, currency_id, category) values (860,3,43.5,367,1,2);
insert into shipment_log.charge (id, zone_id, weight, rate, currency_id, category) values (861,3,44,367,1,2);
insert into shipment_log.charge (id, zone_id, weight, rate, currency_id, category) values (862,3,44.5,367,1,2);
insert into shipment_log.charge (id, zone_id, weight, rate, currency_id, category) values (863,3,45,367,1,2);
insert into shipment_log.charge (id, zone_id, weight, rate, currency_id, category) values (864,3,45.5,367,1,2);
insert into shipment_log.charge (id, zone_id, weight, rate, currency_id, category) values (865,3,46,367,1,2);
insert into shipment_log.charge (id, zone_id, weight, rate, currency_id, category) values (866,3,46.5,367,1,2);
insert into shipment_log.charge (id, zone_id, weight, rate, currency_id, category) values (867,3,47,367,1,2);
insert into shipment_log.charge (id, zone_id, weight, rate, currency_id, category) values (868,3,47.5,367,1,2);
insert into shipment_log.charge (id, zone_id, weight, rate, currency_id, category) values (869,3,48,367,1,2);
insert into shipment_log.charge (id, zone_id, weight, rate, currency_id, category) values (870,3,48.5,367,1,2);
insert into shipment_log.charge (id, zone_id, weight, rate, currency_id, category) values (871,3,49,367,1,2);
insert into shipment_log.charge (id, zone_id, weight, rate, currency_id, category) values (872,3,49.5,367,1,2);
insert into shipment_log.charge (id, zone_id, weight, rate, currency_id, category) values (873,3,50,367,1,2);

insert into shipment_log.charge (id, zone_id, weight, rate, currency_id, category) values (874,4,31,295,1,2);
insert into shipment_log.charge (id, zone_id, weight, rate, currency_id, category) values (875,4,31.5,295,1,2);
insert into shipment_log.charge (id, zone_id, weight, rate, currency_id, category) values (876,4,32,295,1,2);
insert into shipment_log.charge (id, zone_id, weight, rate, currency_id, category) values (877,4,32.5,295,1,2);
insert into shipment_log.charge (id, zone_id, weight, rate, currency_id, category) values (878,4,33,295,1,2);
insert into shipment_log.charge (id, zone_id, weight, rate, currency_id, category) values (879,4,33.5,295,1,2);
insert into shipment_log.charge (id, zone_id, weight, rate, currency_id, category) values (880,4,34,295,1,2);
insert into shipment_log.charge (id, zone_id, weight, rate, currency_id, category) values (881,4,34.5,295,1,2);
insert into shipment_log.charge (id, zone_id, weight, rate, currency_id, category) values (882,4,35,295,1,2);
insert into shipment_log.charge (id, zone_id, weight, rate, currency_id, category) values (883,4,35.5,295,1,2);
insert into shipment_log.charge (id, zone_id, weight, rate, currency_id, category) values (884,4,36,295,1,2);
insert into shipment_log.charge (id, zone_id, weight, rate, currency_id, category) values (885,4,36.5,295,1,2);
insert into shipment_log.charge (id, zone_id, weight, rate, currency_id, category) values (886,4,37,295,1,2);
insert into shipment_log.charge (id, zone_id, weight, rate, currency_id, category) values (887,4,37.5,295,1,2);
insert into shipment_log.charge (id, zone_id, weight, rate, currency_id, category) values (888,4,38,295,1,2);
insert into shipment_log.charge (id, zone_id, weight, rate, currency_id, category) values (889,4,38.5,295,1,2);
insert into shipment_log.charge (id, zone_id, weight, rate, currency_id, category) values (890,4,39,295,1,2);
insert into shipment_log.charge (id, zone_id, weight, rate, currency_id, category) values (891,4,39.5,295,1,2);
insert into shipment_log.charge (id, zone_id, weight, rate, currency_id, category) values (892,4,40,295,1,2);
insert into shipment_log.charge (id, zone_id, weight, rate, currency_id, category) values (893,4,40.5,295,1,2);
insert into shipment_log.charge (id, zone_id, weight, rate, currency_id, category) values (894,4,41,295,1,2);
insert into shipment_log.charge (id, zone_id, weight, rate, currency_id, category) values (895,4,41.5,295,1,2);
insert into shipment_log.charge (id, zone_id, weight, rate, currency_id, category) values (896,4,42,295,1,2);
insert into shipment_log.charge (id, zone_id, weight, rate, currency_id, category) values (897,4,42.5,295,1,2);
insert into shipment_log.charge (id, zone_id, weight, rate, currency_id, category) values (898,4,43,295,1,2);
insert into shipment_log.charge (id, zone_id, weight, rate, currency_id, category) values (899,4,43.5,295,1,2);
insert into shipment_log.charge (id, zone_id, weight, rate, currency_id, category) values (900,4,44,295,1,2);
insert into shipment_log.charge (id, zone_id, weight, rate, currency_id, category) values (901,4,44.5,295,1,2);
insert into shipment_log.charge (id, zone_id, weight, rate, currency_id, category) values (902,4,45,295,1,2);
insert into shipment_log.charge (id, zone_id, weight, rate, currency_id, category) values (903,4,45.5,295,1,2);
insert into shipment_log.charge (id, zone_id, weight, rate, currency_id, category) values (904,4,46,295,1,2);
insert into shipment_log.charge (id, zone_id, weight, rate, currency_id, category) values (905,4,46.5,295,1,2);
insert into shipment_log.charge (id, zone_id, weight, rate, currency_id, category) values (906,4,47,295,1,2);
insert into shipment_log.charge (id, zone_id, weight, rate, currency_id, category) values (907,4,47.5,295,1,2);
insert into shipment_log.charge (id, zone_id, weight, rate, currency_id, category) values (908,4,48,295,1,2);
insert into shipment_log.charge (id, zone_id, weight, rate, currency_id, category) values (909,4,48.5,295,1,2);
insert into shipment_log.charge (id, zone_id, weight, rate, currency_id, category) values (910,4,49,295,1,2);
insert into shipment_log.charge (id, zone_id, weight, rate, currency_id, category) values (911,4,49.5,295,1,2);
insert into shipment_log.charge (id, zone_id, weight, rate, currency_id, category) values (912,4,50,295,1,2);

insert into shipment_log.charge (id, zone_id, weight, rate, currency_id, category) values (913,5,31,449,1,2);
insert into shipment_log.charge (id, zone_id, weight, rate, currency_id, category) values (914,5,31.5,449,1,2);
insert into shipment_log.charge (id, zone_id, weight, rate, currency_id, category) values (915,5,32,449,1,2);
insert into shipment_log.charge (id, zone_id, weight, rate, currency_id, category) values (916,5,32.5,449,1,2);
insert into shipment_log.charge (id, zone_id, weight, rate, currency_id, category) values (917,5,33,449,1,2);
insert into shipment_log.charge (id, zone_id, weight, rate, currency_id, category) values (918,5,33.5,449,1,2);
insert into shipment_log.charge (id, zone_id, weight, rate, currency_id, category) values (919,5,34,449,1,2);
insert into shipment_log.charge (id, zone_id, weight, rate, currency_id, category) values (920,5,34.5,449,1,2);
insert into shipment_log.charge (id, zone_id, weight, rate, currency_id, category) values (921,5,35,449,1,2);
insert into shipment_log.charge (id, zone_id, weight, rate, currency_id, category) values (922,5,35.5,449,1,2);
insert into shipment_log.charge (id, zone_id, weight, rate, currency_id, category) values (923,5,36,449,1,2);
insert into shipment_log.charge (id, zone_id, weight, rate, currency_id, category) values (924,5,36.5,449,1,2);
insert into shipment_log.charge (id, zone_id, weight, rate, currency_id, category) values (925,5,37,449,1,2);
insert into shipment_log.charge (id, zone_id, weight, rate, currency_id, category) values (926,5,37.5,449,1,2);
insert into shipment_log.charge (id, zone_id, weight, rate, currency_id, category) values (927,5,38,449,1,2);
insert into shipment_log.charge (id, zone_id, weight, rate, currency_id, category) values (928,5,38.5,449,1,2);
insert into shipment_log.charge (id, zone_id, weight, rate, currency_id, category) values (929,5,39,449,1,2);
insert into shipment_log.charge (id, zone_id, weight, rate, currency_id, category) values (930,5,39.5,449,1,2);
insert into shipment_log.charge (id, zone_id, weight, rate, currency_id, category) values (931,5,40,449,1,2);
insert into shipment_log.charge (id, zone_id, weight, rate, currency_id, category) values (932,5,40.5,449,1,2);
insert into shipment_log.charge (id, zone_id, weight, rate, currency_id, category) values (933,5,41,449,1,2);
insert into shipment_log.charge (id, zone_id, weight, rate, currency_id, category) values (934,5,41.5,449,1,2);
insert into shipment_log.charge (id, zone_id, weight, rate, currency_id, category) values (935,5,42,449,1,2);
insert into shipment_log.charge (id, zone_id, weight, rate, currency_id, category) values (936,5,42.5,449,1,2);
insert into shipment_log.charge (id, zone_id, weight, rate, currency_id, category) values (937,5,43,449,1,2);
insert into shipment_log.charge (id, zone_id, weight, rate, currency_id, category) values (938,5,43.5,449,1,2);
insert into shipment_log.charge (id, zone_id, weight, rate, currency_id, category) values (939,5,44,449,1,2);
insert into shipment_log.charge (id, zone_id, weight, rate, currency_id, category) values (940,5,44.5,449,1,2);
insert into shipment_log.charge (id, zone_id, weight, rate, currency_id, category) values (941,5,45,449,1,2);
insert into shipment_log.charge (id, zone_id, weight, rate, currency_id, category) values (942,5,45.5,449,1,2);
insert into shipment_log.charge (id, zone_id, weight, rate, currency_id, category) values (943,5,46,449,1,2);
insert into shipment_log.charge (id, zone_id, weight, rate, currency_id, category) values (944,5,46.5,449,1,2);
insert into shipment_log.charge (id, zone_id, weight, rate, currency_id, category) values (945,5,47,449,1,2);
insert into shipment_log.charge (id, zone_id, weight, rate, currency_id, category) values (946,5,47.5,449,1,2);
insert into shipment_log.charge (id, zone_id, weight, rate, currency_id, category) values (947,5,48,449,1,2);
insert into shipment_log.charge (id, zone_id, weight, rate, currency_id, category) values (948,5,48.5,449,1,2);
insert into shipment_log.charge (id, zone_id, weight, rate, currency_id, category) values (949,5,49,449,1,2);
insert into shipment_log.charge (id, zone_id, weight, rate, currency_id, category) values (950,5,49.5,449,1,2);
insert into shipment_log.charge (id, zone_id, weight, rate, currency_id, category) values (951,5,50,449,1,2);

insert into shipment_log.charge (id, zone_id, weight, rate, currency_id, category) values (952,6,31,379,1,2);
insert into shipment_log.charge (id, zone_id, weight, rate, currency_id, category) values (953,6,31.5,379,1,2);
insert into shipment_log.charge (id, zone_id, weight, rate, currency_id, category) values (954,6,32,379,1,2);
insert into shipment_log.charge (id, zone_id, weight, rate, currency_id, category) values (955,6,32.5,379,1,2);
insert into shipment_log.charge (id, zone_id, weight, rate, currency_id, category) values (956,6,33,379,1,2);
insert into shipment_log.charge (id, zone_id, weight, rate, currency_id, category) values (957,6,33.5,379,1,2);
insert into shipment_log.charge (id, zone_id, weight, rate, currency_id, category) values (958,6,34,379,1,2);
insert into shipment_log.charge (id, zone_id, weight, rate, currency_id, category) values (959,6,34.5,379,1,2);
insert into shipment_log.charge (id, zone_id, weight, rate, currency_id, category) values (960,6,35,379,1,2);
insert into shipment_log.charge (id, zone_id, weight, rate, currency_id, category) values (961,6,35.5,379,1,2);
insert into shipment_log.charge (id, zone_id, weight, rate, currency_id, category) values (962,6,36,379,1,2);
insert into shipment_log.charge (id, zone_id, weight, rate, currency_id, category) values (963,6,36.5,379,1,2);
insert into shipment_log.charge (id, zone_id, weight, rate, currency_id, category) values (964,6,37,379,1,2);
insert into shipment_log.charge (id, zone_id, weight, rate, currency_id, category) values (965,6,37.5,379,1,2);
insert into shipment_log.charge (id, zone_id, weight, rate, currency_id, category) values (966,6,38,379,1,2);
insert into shipment_log.charge (id, zone_id, weight, rate, currency_id, category) values (967,6,38.5,379,1,2);
insert into shipment_log.charge (id, zone_id, weight, rate, currency_id, category) values (968,6,39,379,1,2);
insert into shipment_log.charge (id, zone_id, weight, rate, currency_id, category) values (969,6,39.5,379,1,2);
insert into shipment_log.charge (id, zone_id, weight, rate, currency_id, category) values (970,6,40,379,1,2);
insert into shipment_log.charge (id, zone_id, weight, rate, currency_id, category) values (971,6,40.5,379,1,2);
insert into shipment_log.charge (id, zone_id, weight, rate, currency_id, category) values (972,6,41,379,1,2);
insert into shipment_log.charge (id, zone_id, weight, rate, currency_id, category) values (973,6,41.5,379,1,2);
insert into shipment_log.charge (id, zone_id, weight, rate, currency_id, category) values (974,6,42,379,1,2);
insert into shipment_log.charge (id, zone_id, weight, rate, currency_id, category) values (975,6,42.5,379,1,2);
insert into shipment_log.charge (id, zone_id, weight, rate, currency_id, category) values (976,6,43,379,1,2);
insert into shipment_log.charge (id, zone_id, weight, rate, currency_id, category) values (977,6,43.5,379,1,2);
insert into shipment_log.charge (id, zone_id, weight, rate, currency_id, category) values (978,6,44,379,1,2);
insert into shipment_log.charge (id, zone_id, weight, rate, currency_id, category) values (979,6,44.5,379,1,2);
insert into shipment_log.charge (id, zone_id, weight, rate, currency_id, category) values (980,6,45,379,1,2);
insert into shipment_log.charge (id, zone_id, weight, rate, currency_id, category) values (981,6,45.5,379,1,2);
insert into shipment_log.charge (id, zone_id, weight, rate, currency_id, category) values (982,6,46,379,1,2);
insert into shipment_log.charge (id, zone_id, weight, rate, currency_id, category) values (983,6,46.5,379,1,2);
insert into shipment_log.charge (id, zone_id, weight, rate, currency_id, category) values (984,6,47,379,1,2);
insert into shipment_log.charge (id, zone_id, weight, rate, currency_id, category) values (985,6,47.5,379,1,2);
insert into shipment_log.charge (id, zone_id, weight, rate, currency_id, category) values (986,6,48,379,1,2);
insert into shipment_log.charge (id, zone_id, weight, rate, currency_id, category) values (987,6,48.5,379,1,2);
insert into shipment_log.charge (id, zone_id, weight, rate, currency_id, category) values (988,6,49,379,1,2);
insert into shipment_log.charge (id, zone_id, weight, rate, currency_id, category) values (989,6,49.5,379,1,2);
insert into shipment_log.charge (id, zone_id, weight, rate, currency_id, category) values (990,6,50,379,1,2);

insert into shipment_log.charge (id, zone_id, weight, rate, currency_id, category) values (991,7,31,296,1,2);
insert into shipment_log.charge (id, zone_id, weight, rate, currency_id, category) values (992,7,31.5,296,1,2);
insert into shipment_log.charge (id, zone_id, weight, rate, currency_id, category) values (993,7,32,296,1,2);
insert into shipment_log.charge (id, zone_id, weight, rate, currency_id, category) values (994,7,32.5,296,1,2);
insert into shipment_log.charge (id, zone_id, weight, rate, currency_id, category) values (995,7,33,296,1,2);
insert into shipment_log.charge (id, zone_id, weight, rate, currency_id, category) values (996,7,33.5,296,1,2);
insert into shipment_log.charge (id, zone_id, weight, rate, currency_id, category) values (997,7,34,296,1,2);
insert into shipment_log.charge (id, zone_id, weight, rate, currency_id, category) values (998,7,34.5,296,1,2);
insert into shipment_log.charge (id, zone_id, weight, rate, currency_id, category) values (999,7,35,296,1,2);
insert into shipment_log.charge (id, zone_id, weight, rate, currency_id, category) values (1000,7,35.5,296,1,2);
insert into shipment_log.charge (id, zone_id, weight, rate, currency_id, category) values (1001,7,36,296,1,2);
insert into shipment_log.charge (id, zone_id, weight, rate, currency_id, category) values (1002,7,36.5,296,1,2);
insert into shipment_log.charge (id, zone_id, weight, rate, currency_id, category) values (1003,7,37,296,1,2);
insert into shipment_log.charge (id, zone_id, weight, rate, currency_id, category) values (1004,7,37.5,296,1,2);
insert into shipment_log.charge (id, zone_id, weight, rate, currency_id, category) values (1005,7,38,296,1,2);
insert into shipment_log.charge (id, zone_id, weight, rate, currency_id, category) values (1006,7,38.5,296,1,2);
insert into shipment_log.charge (id, zone_id, weight, rate, currency_id, category) values (1007,7,39,296,1,2);
insert into shipment_log.charge (id, zone_id, weight, rate, currency_id, category) values (1008,7,39.5,296,1,2);
insert into shipment_log.charge (id, zone_id, weight, rate, currency_id, category) values (1009,7,40,296,1,2);
insert into shipment_log.charge (id, zone_id, weight, rate, currency_id, category) values (1010,7,40.5,296,1,2);
insert into shipment_log.charge (id, zone_id, weight, rate, currency_id, category) values (1011,7,41,296,1,2);
insert into shipment_log.charge (id, zone_id, weight, rate, currency_id, category) values (1012,7,41.5,296,1,2);
insert into shipment_log.charge (id, zone_id, weight, rate, currency_id, category) values (1013,7,42,296,1,2);
insert into shipment_log.charge (id, zone_id, weight, rate, currency_id, category) values (1014,7,42.5,296,1,2);
insert into shipment_log.charge (id, zone_id, weight, rate, currency_id, category) values (1015,7,43,296,1,2);
insert into shipment_log.charge (id, zone_id, weight, rate, currency_id, category) values (1016,7,43.5,296,1,2);
insert into shipment_log.charge (id, zone_id, weight, rate, currency_id, category) values (1017,7,44,296,1,2);
insert into shipment_log.charge (id, zone_id, weight, rate, currency_id, category) values (1018,7,44.5,296,1,2);
insert into shipment_log.charge (id, zone_id, weight, rate, currency_id, category) values (1019,7,45,296,1,2);
insert into shipment_log.charge (id, zone_id, weight, rate, currency_id, category) values (1020,7,45.5,296,1,2);
insert into shipment_log.charge (id, zone_id, weight, rate, currency_id, category) values (1021,7,46,296,1,2);
insert into shipment_log.charge (id, zone_id, weight, rate, currency_id, category) values (1022,7,46.5,296,1,2);
insert into shipment_log.charge (id, zone_id, weight, rate, currency_id, category) values (1023,7,47,296,1,2);
insert into shipment_log.charge (id, zone_id, weight, rate, currency_id, category) values (1024,7,47.5,296,1,2);
insert into shipment_log.charge (id, zone_id, weight, rate, currency_id, category) values (1025,7,48,296,1,2);
insert into shipment_log.charge (id, zone_id, weight, rate, currency_id, category) values (1026,7,48.5,296,1,2);
insert into shipment_log.charge (id, zone_id, weight, rate, currency_id, category) values (1027,7,49,296,1,2);
insert into shipment_log.charge (id, zone_id, weight, rate, currency_id, category) values (1028,7,49.5,296,1,2);
insert into shipment_log.charge (id, zone_id, weight, rate, currency_id, category) values (1029,7,50,296,1,2);

insert into shipment_log.charge (id, zone_id, weight, rate, currency_id, category) values (1030,8,31,1023,1,2);
insert into shipment_log.charge (id, zone_id, weight, rate, currency_id, category) values (1031,8,31.5,1023,1,2);
insert into shipment_log.charge (id, zone_id, weight, rate, currency_id, category) values (1032,8,32,1023,1,2);
insert into shipment_log.charge (id, zone_id, weight, rate, currency_id, category) values (1033,8,32.5,1023,1,2);
insert into shipment_log.charge (id, zone_id, weight, rate, currency_id, category) values (1034,8,33,1023,1,2);
insert into shipment_log.charge (id, zone_id, weight, rate, currency_id, category) values (1035,8,33.5,1023,1,2);
insert into shipment_log.charge (id, zone_id, weight, rate, currency_id, category) values (1036,8,34,1023,1,2);
insert into shipment_log.charge (id, zone_id, weight, rate, currency_id, category) values (1037,8,34.5,1023,1,2);
insert into shipment_log.charge (id, zone_id, weight, rate, currency_id, category) values (1038,8,35,1023,1,2);
insert into shipment_log.charge (id, zone_id, weight, rate, currency_id, category) values (1039,8,35.5,1023,1,2);
insert into shipment_log.charge (id, zone_id, weight, rate, currency_id, category) values (1040,8,36,1023,1,2);
insert into shipment_log.charge (id, zone_id, weight, rate, currency_id, category) values (1041,8,36.5,1023,1,2);
insert into shipment_log.charge (id, zone_id, weight, rate, currency_id, category) values (1042,8,37,1023,1,2);
insert into shipment_log.charge (id, zone_id, weight, rate, currency_id, category) values (1043,8,37.5,1023,1,2);
insert into shipment_log.charge (id, zone_id, weight, rate, currency_id, category) values (1044,8,38,1023,1,2);
insert into shipment_log.charge (id, zone_id, weight, rate, currency_id, category) values (1045,8,38.5,1023,1,2);
insert into shipment_log.charge (id, zone_id, weight, rate, currency_id, category) values (1046,8,39,1023,1,2);
insert into shipment_log.charge (id, zone_id, weight, rate, currency_id, category) values (1047,8,39.5,1023,1,2);
insert into shipment_log.charge (id, zone_id, weight, rate, currency_id, category) values (1048,8,40,1023,1,2);
insert into shipment_log.charge (id, zone_id, weight, rate, currency_id, category) values (1049,8,40.5,1023,1,2);
insert into shipment_log.charge (id, zone_id, weight, rate, currency_id, category) values (1050,8,41,1023,1,2);
insert into shipment_log.charge (id, zone_id, weight, rate, currency_id, category) values (1051,8,41.5,1023,1,2);
insert into shipment_log.charge (id, zone_id, weight, rate, currency_id, category) values (1052,8,42,1023,1,2);
insert into shipment_log.charge (id, zone_id, weight, rate, currency_id, category) values (1053,8,42.5,1023,1,2);
insert into shipment_log.charge (id, zone_id, weight, rate, currency_id, category) values (1054,8,43,1023,1,2);
insert into shipment_log.charge (id, zone_id, weight, rate, currency_id, category) values (1055,8,43.5,1023,1,2);
insert into shipment_log.charge (id, zone_id, weight, rate, currency_id, category) values (1056,8,44,1023,1,2);
insert into shipment_log.charge (id, zone_id, weight, rate, currency_id, category) values (1057,8,44.5,1023,1,2);
insert into shipment_log.charge (id, zone_id, weight, rate, currency_id, category) values (1058,8,45,1023,1,2);
insert into shipment_log.charge (id, zone_id, weight, rate, currency_id, category) values (1059,8,45.5,1023,1,2);
insert into shipment_log.charge (id, zone_id, weight, rate, currency_id, category) values (1060,8,46,1023,1,2);
insert into shipment_log.charge (id, zone_id, weight, rate, currency_id, category) values (1061,8,46.5,1023,1,2);
insert into shipment_log.charge (id, zone_id, weight, rate, currency_id, category) values (1062,8,47,1023,1,2);
insert into shipment_log.charge (id, zone_id, weight, rate, currency_id, category) values (1063,8,47.5,1023,1,2);
insert into shipment_log.charge (id, zone_id, weight, rate, currency_id, category) values (1064,8,48,1023,1,2);
insert into shipment_log.charge (id, zone_id, weight, rate, currency_id, category) values (1065,8,48.5,1023,1,2);
insert into shipment_log.charge (id, zone_id, weight, rate, currency_id, category) values (1066,8,49,1023,1,2);
insert into shipment_log.charge (id, zone_id, weight, rate, currency_id, category) values (1067,8,49.5,1023,1,2);
insert into shipment_log.charge (id, zone_id, weight, rate, currency_id, category) values (1068,8,50,1023,1,2);

insert into shipment_log.charge (id, zone_id, weight, rate, currency_id, category) values (1069,9,31,875,1,2);
insert into shipment_log.charge (id, zone_id, weight, rate, currency_id, category) values (1070,9,31.5,875,1,2);
insert into shipment_log.charge (id, zone_id, weight, rate, currency_id, category) values (1071,9,32,875,1,2);
insert into shipment_log.charge (id, zone_id, weight, rate, currency_id, category) values (1072,9,32.5,875,1,2);
insert into shipment_log.charge (id, zone_id, weight, rate, currency_id, category) values (1073,9,33,875,1,2);
insert into shipment_log.charge (id, zone_id, weight, rate, currency_id, category) values (1074,9,33.5,875,1,2);
insert into shipment_log.charge (id, zone_id, weight, rate, currency_id, category) values (1075,9,34,875,1,2);
insert into shipment_log.charge (id, zone_id, weight, rate, currency_id, category) values (1076,9,34.5,875,1,2);
insert into shipment_log.charge (id, zone_id, weight, rate, currency_id, category) values (1077,9,35,875,1,2);
insert into shipment_log.charge (id, zone_id, weight, rate, currency_id, category) values (1078,9,35.5,875,1,2);
insert into shipment_log.charge (id, zone_id, weight, rate, currency_id, category) values (1079,9,36,875,1,2);
insert into shipment_log.charge (id, zone_id, weight, rate, currency_id, category) values (1080,9,36.5,875,1,2);
insert into shipment_log.charge (id, zone_id, weight, rate, currency_id, category) values (1081,9,37,875,1,2);
insert into shipment_log.charge (id, zone_id, weight, rate, currency_id, category) values (1082,9,37.5,875,1,2);
insert into shipment_log.charge (id, zone_id, weight, rate, currency_id, category) values (1083,9,38,875,1,2);
insert into shipment_log.charge (id, zone_id, weight, rate, currency_id, category) values (1084,9,38.5,875,1,2);
insert into shipment_log.charge (id, zone_id, weight, rate, currency_id, category) values (1085,9,39,875,1,2);
insert into shipment_log.charge (id, zone_id, weight, rate, currency_id, category) values (1086,9,39.5,875,1,2);
insert into shipment_log.charge (id, zone_id, weight, rate, currency_id, category) values (1087,9,40,875,1,2);
insert into shipment_log.charge (id, zone_id, weight, rate, currency_id, category) values (1088,9,40.5,875,1,2);
insert into shipment_log.charge (id, zone_id, weight, rate, currency_id, category) values (1089,9,41,875,1,2);
insert into shipment_log.charge (id, zone_id, weight, rate, currency_id, category) values (1090,9,41.5,875,1,2);
insert into shipment_log.charge (id, zone_id, weight, rate, currency_id, category) values (1091,9,42,875,1,2);
insert into shipment_log.charge (id, zone_id, weight, rate, currency_id, category) values (1092,9,42.5,875,1,2);
insert into shipment_log.charge (id, zone_id, weight, rate, currency_id, category) values (1093,9,43,875,1,2);
insert into shipment_log.charge (id, zone_id, weight, rate, currency_id, category) values (1094,9,43.5,875,1,2);
insert into shipment_log.charge (id, zone_id, weight, rate, currency_id, category) values (1095,9,44,875,1,2);
insert into shipment_log.charge (id, zone_id, weight, rate, currency_id, category) values (1096,9,44.5,875,1,2);
insert into shipment_log.charge (id, zone_id, weight, rate, currency_id, category) values (1097,9,45,875,1,2);
insert into shipment_log.charge (id, zone_id, weight, rate, currency_id, category) values (1098,9,45.5,875,1,2);
insert into shipment_log.charge (id, zone_id, weight, rate, currency_id, category) values (1099,9,46,875,1,2);
insert into shipment_log.charge (id, zone_id, weight, rate, currency_id, category) values (1100,9,46.5,875,1,2);
insert into shipment_log.charge (id, zone_id, weight, rate, currency_id, category) values (1101,9,47,875,1,2);
insert into shipment_log.charge (id, zone_id, weight, rate, currency_id, category) values (1102,9,47.5,875,1,2);
insert into shipment_log.charge (id, zone_id, weight, rate, currency_id, category) values (1103,9,48,875,1,2);
insert into shipment_log.charge (id, zone_id, weight, rate, currency_id, category) values (1104,9,48.5,875,1,2);
insert into shipment_log.charge (id, zone_id, weight, rate, currency_id, category) values (1105,9,49,875,1,2);
insert into shipment_log.charge (id, zone_id, weight, rate, currency_id, category) values (1106,9,49.5,875,1,2);
insert into shipment_log.charge (id, zone_id, weight, rate, currency_id, category) values (1107,9,50,875,1,2);

insert into shipment_log.charge (id, zone_id, weight, rate, currency_id, category) values (1108,10,31,624,1,2);
insert into shipment_log.charge (id, zone_id, weight, rate, currency_id, category) values (1109,10,31.5,624,1,2);
insert into shipment_log.charge (id, zone_id, weight, rate, currency_id, category) values (1110,10,32,624,1,2);
insert into shipment_log.charge (id, zone_id, weight, rate, currency_id, category) values (1111,10,32.5,624,1,2);
insert into shipment_log.charge (id, zone_id, weight, rate, currency_id, category) values (1112,10,33,624,1,2);
insert into shipment_log.charge (id, zone_id, weight, rate, currency_id, category) values (1113,10,33.5,624,1,2);
insert into shipment_log.charge (id, zone_id, weight, rate, currency_id, category) values (1114,10,34,624,1,2);
insert into shipment_log.charge (id, zone_id, weight, rate, currency_id, category) values (1115,10,34.5,624,1,2);
insert into shipment_log.charge (id, zone_id, weight, rate, currency_id, category) values (1116,10,35,624,1,2);
insert into shipment_log.charge (id, zone_id, weight, rate, currency_id, category) values (1117,10,35.5,624,1,2);
insert into shipment_log.charge (id, zone_id, weight, rate, currency_id, category) values (1118,10,36,624,1,2);
insert into shipment_log.charge (id, zone_id, weight, rate, currency_id, category) values (1119,10,36.5,624,1,2);
insert into shipment_log.charge (id, zone_id, weight, rate, currency_id, category) values (1120,10,37,624,1,2);
insert into shipment_log.charge (id, zone_id, weight, rate, currency_id, category) values (1121,10,37.5,624,1,2);
insert into shipment_log.charge (id, zone_id, weight, rate, currency_id, category) values (1122,10,38,624,1,2);
insert into shipment_log.charge (id, zone_id, weight, rate, currency_id, category) values (1123,10,38.5,624,1,2);
insert into shipment_log.charge (id, zone_id, weight, rate, currency_id, category) values (1124,10,39,624,1,2);
insert into shipment_log.charge (id, zone_id, weight, rate, currency_id, category) values (1125,10,39.5,624,1,2);
insert into shipment_log.charge (id, zone_id, weight, rate, currency_id, category) values (1126,10,40,624,1,2);
insert into shipment_log.charge (id, zone_id, weight, rate, currency_id, category) values (1127,10,40.5,624,1,2);
insert into shipment_log.charge (id, zone_id, weight, rate, currency_id, category) values (1128,10,41,624,1,2);
insert into shipment_log.charge (id, zone_id, weight, rate, currency_id, category) values (1129,10,41.5,624,1,2);
insert into shipment_log.charge (id, zone_id, weight, rate, currency_id, category) values (1130,10,42,624,1,2);
insert into shipment_log.charge (id, zone_id, weight, rate, currency_id, category) values (1131,10,42.5,624,1,2);
insert into shipment_log.charge (id, zone_id, weight, rate, currency_id, category) values (1132,10,43,624,1,2);
insert into shipment_log.charge (id, zone_id, weight, rate, currency_id, category) values (1133,10,43.5,624,1,2);
insert into shipment_log.charge (id, zone_id, weight, rate, currency_id, category) values (1134,10,44,624,1,2);
insert into shipment_log.charge (id, zone_id, weight, rate, currency_id, category) values (1135,10,44.5,624,1,2);
insert into shipment_log.charge (id, zone_id, weight, rate, currency_id, category) values (1136,10,45,624,1,2);
insert into shipment_log.charge (id, zone_id, weight, rate, currency_id, category) values (1137,10,45.5,624,1,2);
insert into shipment_log.charge (id, zone_id, weight, rate, currency_id, category) values (1138,10,46,624,1,2);
insert into shipment_log.charge (id, zone_id, weight, rate, currency_id, category) values (1139,10,46.5,624,1,2);
insert into shipment_log.charge (id, zone_id, weight, rate, currency_id, category) values (1140,10,47,624,1,2);
insert into shipment_log.charge (id, zone_id, weight, rate, currency_id, category) values (1141,10,47.5,624,1,2);
insert into shipment_log.charge (id, zone_id, weight, rate, currency_id, category) values (1142,10,48,624,1,2);
insert into shipment_log.charge (id, zone_id, weight, rate, currency_id, category) values (1143,10,48.5,624,1,2);
insert into shipment_log.charge (id, zone_id, weight, rate, currency_id, category) values (1144,10,49,624,1,2);
insert into shipment_log.charge (id, zone_id, weight, rate, currency_id, category) values (1145,10,49.5,624,1,2);
insert into shipment_log.charge (id, zone_id, weight, rate, currency_id, category) values (1146,10,50,624,1,2);

insert into shipment_log.charge (id, zone_id, weight, rate, currency_id, category) values (1147,11,31,624,1,2);
insert into shipment_log.charge (id, zone_id, weight, rate, currency_id, category) values (1148,11,31.5,624,1,2);
insert into shipment_log.charge (id, zone_id, weight, rate, currency_id, category) values (1149,11,32,624,1,2);
insert into shipment_log.charge (id, zone_id, weight, rate, currency_id, category) values (1150,11,32.5,624,1,2);
insert into shipment_log.charge (id, zone_id, weight, rate, currency_id, category) values (1151,11,33,624,1,2);
insert into shipment_log.charge (id, zone_id, weight, rate, currency_id, category) values (1152,11,33.5,624,1,2);
insert into shipment_log.charge (id, zone_id, weight, rate, currency_id, category) values (1153,11,34,624,1,2);
insert into shipment_log.charge (id, zone_id, weight, rate, currency_id, category) values (1154,11,34.5,624,1,2);
insert into shipment_log.charge (id, zone_id, weight, rate, currency_id, category) values (1155,11,35,624,1,2);
insert into shipment_log.charge (id, zone_id, weight, rate, currency_id, category) values (1156,11,35.5,624,1,2);
insert into shipment_log.charge (id, zone_id, weight, rate, currency_id, category) values (1157,11,36,624,1,2);
insert into shipment_log.charge (id, zone_id, weight, rate, currency_id, category) values (1158,11,36.5,624,1,2);
insert into shipment_log.charge (id, zone_id, weight, rate, currency_id, category) values (1159,11,37,624,1,2);
insert into shipment_log.charge (id, zone_id, weight, rate, currency_id, category) values (1160,11,37.5,624,1,2);
insert into shipment_log.charge (id, zone_id, weight, rate, currency_id, category) values (1161,11,38,624,1,2);
insert into shipment_log.charge (id, zone_id, weight, rate, currency_id, category) values (1162,11,38.5,624,1,2);
insert into shipment_log.charge (id, zone_id, weight, rate, currency_id, category) values (1163,11,39,624,1,2);
insert into shipment_log.charge (id, zone_id, weight, rate, currency_id, category) values (1164,11,39.5,624,1,2);
insert into shipment_log.charge (id, zone_id, weight, rate, currency_id, category) values (1165,11,40,624,1,2);
insert into shipment_log.charge (id, zone_id, weight, rate, currency_id, category) values (1166,11,40.5,624,1,2);
insert into shipment_log.charge (id, zone_id, weight, rate, currency_id, category) values (1167,11,41,624,1,2);
insert into shipment_log.charge (id, zone_id, weight, rate, currency_id, category) values (1168,11,41.5,624,1,2);
insert into shipment_log.charge (id, zone_id, weight, rate, currency_id, category) values (1169,11,42,624,1,2);
insert into shipment_log.charge (id, zone_id, weight, rate, currency_id, category) values (1170,11,42.5,624,1,2);
insert into shipment_log.charge (id, zone_id, weight, rate, currency_id, category) values (1171,11,43,624,1,2);
insert into shipment_log.charge (id, zone_id, weight, rate, currency_id, category) values (1172,11,43.5,624,1,2);
insert into shipment_log.charge (id, zone_id, weight, rate, currency_id, category) values (1173,11,44,624,1,2);
insert into shipment_log.charge (id, zone_id, weight, rate, currency_id, category) values (1174,11,44.5,624,1,2);
insert into shipment_log.charge (id, zone_id, weight, rate, currency_id, category) values (1175,11,45,624,1,2);
insert into shipment_log.charge (id, zone_id, weight, rate, currency_id, category) values (1176,11,45.5,624,1,2);
insert into shipment_log.charge (id, zone_id, weight, rate, currency_id, category) values (1177,11,46,624,1,2);
insert into shipment_log.charge (id, zone_id, weight, rate, currency_id, category) values (1178,11,46.5,624,1,2);
insert into shipment_log.charge (id, zone_id, weight, rate, currency_id, category) values (1179,11,47,624,1,2);
insert into shipment_log.charge (id, zone_id, weight, rate, currency_id, category) values (1180,11,47.5,624,1,2);
insert into shipment_log.charge (id, zone_id, weight, rate, currency_id, category) values (1181,11,48,624,1,2);
insert into shipment_log.charge (id, zone_id, weight, rate, currency_id, category) values (1182,11,48.5,624,1,2);
insert into shipment_log.charge (id, zone_id, weight, rate, currency_id, category) values (1183,11,49,624,1,2);
insert into shipment_log.charge (id, zone_id, weight, rate, currency_id, category) values (1184,11,49.5,624,1,2);
insert into shipment_log.charge (id, zone_id, weight, rate, currency_id, category) values (1185,11,50,624,1,2);

insert into shipment_log.charge (id, zone_id, weight, rate, currency_id, category) values (1186,12,31,369,1,2);
insert into shipment_log.charge (id, zone_id, weight, rate, currency_id, category) values (1187,12,31.5,369,1,2);
insert into shipment_log.charge (id, zone_id, weight, rate, currency_id, category) values (1188,12,32,369,1,2);
insert into shipment_log.charge (id, zone_id, weight, rate, currency_id, category) values (1189,12,32.5,369,1,2);
insert into shipment_log.charge (id, zone_id, weight, rate, currency_id, category) values (1190,12,33,369,1,2);
insert into shipment_log.charge (id, zone_id, weight, rate, currency_id, category) values (1191,12,33.5,369,1,2);
insert into shipment_log.charge (id, zone_id, weight, rate, currency_id, category) values (1192,12,34,369,1,2);
insert into shipment_log.charge (id, zone_id, weight, rate, currency_id, category) values (1193,12,34.5,369,1,2);
insert into shipment_log.charge (id, zone_id, weight, rate, currency_id, category) values (1194,12,35,369,1,2);
insert into shipment_log.charge (id, zone_id, weight, rate, currency_id, category) values (1195,12,35.5,369,1,2);
insert into shipment_log.charge (id, zone_id, weight, rate, currency_id, category) values (1196,12,36,369,1,2);
insert into shipment_log.charge (id, zone_id, weight, rate, currency_id, category) values (1197,12,36.5,369,1,2);
insert into shipment_log.charge (id, zone_id, weight, rate, currency_id, category) values (1198,12,37,369,1,2);
insert into shipment_log.charge (id, zone_id, weight, rate, currency_id, category) values (1199,12,37.5,369,1,2);
insert into shipment_log.charge (id, zone_id, weight, rate, currency_id, category) values (1200,12,38,369,1,2);
insert into shipment_log.charge (id, zone_id, weight, rate, currency_id, category) values (1201,12,38.5,369,1,2);
insert into shipment_log.charge (id, zone_id, weight, rate, currency_id, category) values (1202,12,39,369,1,2);
insert into shipment_log.charge (id, zone_id, weight, rate, currency_id, category) values (1203,12,39.5,369,1,2);
insert into shipment_log.charge (id, zone_id, weight, rate, currency_id, category) values (1204,12,40,369,1,2);
insert into shipment_log.charge (id, zone_id, weight, rate, currency_id, category) values (1205,12,40.5,369,1,2);
insert into shipment_log.charge (id, zone_id, weight, rate, currency_id, category) values (1206,12,41,369,1,2);
insert into shipment_log.charge (id, zone_id, weight, rate, currency_id, category) values (1207,12,41.5,369,1,2);
insert into shipment_log.charge (id, zone_id, weight, rate, currency_id, category) values (1208,12,42,369,1,2);
insert into shipment_log.charge (id, zone_id, weight, rate, currency_id, category) values (1209,12,42.5,369,1,2);
insert into shipment_log.charge (id, zone_id, weight, rate, currency_id, category) values (1210,12,43,369,1,2);
insert into shipment_log.charge (id, zone_id, weight, rate, currency_id, category) values (1211,12,43.5,369,1,2);
insert into shipment_log.charge (id, zone_id, weight, rate, currency_id, category) values (1212,12,44,369,1,2);
insert into shipment_log.charge (id, zone_id, weight, rate, currency_id, category) values (1213,12,44.5,369,1,2);
insert into shipment_log.charge (id, zone_id, weight, rate, currency_id, category) values (1214,12,45,369,1,2);
insert into shipment_log.charge (id, zone_id, weight, rate, currency_id, category) values (1215,12,45.5,369,1,2);
insert into shipment_log.charge (id, zone_id, weight, rate, currency_id, category) values (1216,12,46,369,1,2);
insert into shipment_log.charge (id, zone_id, weight, rate, currency_id, category) values (1217,12,46.5,369,1,2);
insert into shipment_log.charge (id, zone_id, weight, rate, currency_id, category) values (1218,12,47,369,1,2);
insert into shipment_log.charge (id, zone_id, weight, rate, currency_id, category) values (1219,12,47.5,369,1,2);
insert into shipment_log.charge (id, zone_id, weight, rate, currency_id, category) values (1220,12,48,369,1,2);
insert into shipment_log.charge (id, zone_id, weight, rate, currency_id, category) values (1221,12,48.5,369,1,2);
insert into shipment_log.charge (id, zone_id, weight, rate, currency_id, category) values (1222,12,49,369,1,2);
insert into shipment_log.charge (id, zone_id, weight, rate, currency_id, category) values (1223,12,49.5,369,1,2);
insert into shipment_log.charge (id, zone_id, weight, rate, currency_id, category) values (1224,12,50,369,1,2);

insert into shipment_log.charge (id, zone_id, weight, rate, currency_id, category) values (1225,13,31,391,1,2);
insert into shipment_log.charge (id, zone_id, weight, rate, currency_id, category) values (1226,13,31.5,391,1,2);
insert into shipment_log.charge (id, zone_id, weight, rate, currency_id, category) values (1227,13,32,391,1,2);
insert into shipment_log.charge (id, zone_id, weight, rate, currency_id, category) values (1228,13,32.5,391,1,2);
insert into shipment_log.charge (id, zone_id, weight, rate, currency_id, category) values (1229,13,33,391,1,2);
insert into shipment_log.charge (id, zone_id, weight, rate, currency_id, category) values (1230,13,33.5,391,1,2);
insert into shipment_log.charge (id, zone_id, weight, rate, currency_id, category) values (1231,13,34,391,1,2);
insert into shipment_log.charge (id, zone_id, weight, rate, currency_id, category) values (1232,13,34.5,391,1,2);
insert into shipment_log.charge (id, zone_id, weight, rate, currency_id, category) values (1233,13,35,391,1,2);
insert into shipment_log.charge (id, zone_id, weight, rate, currency_id, category) values (1234,13,35.5,391,1,2);
insert into shipment_log.charge (id, zone_id, weight, rate, currency_id, category) values (1235,13,36,391,1,2);
insert into shipment_log.charge (id, zone_id, weight, rate, currency_id, category) values (1236,13,36.5,391,1,2);
insert into shipment_log.charge (id, zone_id, weight, rate, currency_id, category) values (1237,13,37,391,1,2);
insert into shipment_log.charge (id, zone_id, weight, rate, currency_id, category) values (1238,13,37.5,391,1,2);
insert into shipment_log.charge (id, zone_id, weight, rate, currency_id, category) values (1239,13,38,391,1,2);
insert into shipment_log.charge (id, zone_id, weight, rate, currency_id, category) values (1240,13,38.5,391,1,2);
insert into shipment_log.charge (id, zone_id, weight, rate, currency_id, category) values (1241,13,39,391,1,2);
insert into shipment_log.charge (id, zone_id, weight, rate, currency_id, category) values (1242,13,39.5,391,1,2);
insert into shipment_log.charge (id, zone_id, weight, rate, currency_id, category) values (1243,13,40,391,1,2);
insert into shipment_log.charge (id, zone_id, weight, rate, currency_id, category) values (1244,13,40.5,391,1,2);
insert into shipment_log.charge (id, zone_id, weight, rate, currency_id, category) values (1245,13,41,391,1,2);
insert into shipment_log.charge (id, zone_id, weight, rate, currency_id, category) values (1246,13,41.5,391,1,2);
insert into shipment_log.charge (id, zone_id, weight, rate, currency_id, category) values (1247,13,42,391,1,2);
insert into shipment_log.charge (id, zone_id, weight, rate, currency_id, category) values (1248,13,42.5,391,1,2);
insert into shipment_log.charge (id, zone_id, weight, rate, currency_id, category) values (1249,13,43,391,1,2);
insert into shipment_log.charge (id, zone_id, weight, rate, currency_id, category) values (1250,13,43.5,391,1,2);
insert into shipment_log.charge (id, zone_id, weight, rate, currency_id, category) values (1251,13,44,391,1,2);
insert into shipment_log.charge (id, zone_id, weight, rate, currency_id, category) values (1252,13,44.5,391,1,2);
insert into shipment_log.charge (id, zone_id, weight, rate, currency_id, category) values (1253,13,45,391,1,2);
insert into shipment_log.charge (id, zone_id, weight, rate, currency_id, category) values (1254,13,45.5,391,1,2);
insert into shipment_log.charge (id, zone_id, weight, rate, currency_id, category) values (1255,13,46,391,1,2);
insert into shipment_log.charge (id, zone_id, weight, rate, currency_id, category) values (1256,13,46.5,391,1,2);
insert into shipment_log.charge (id, zone_id, weight, rate, currency_id, category) values (1257,13,47,391,1,2);
insert into shipment_log.charge (id, zone_id, weight, rate, currency_id, category) values (1258,13,47.5,391,1,2);
insert into shipment_log.charge (id, zone_id, weight, rate, currency_id, category) values (1259,13,48,391,1,2);
insert into shipment_log.charge (id, zone_id, weight, rate, currency_id, category) values (1260,13,48.5,391,1,2);
insert into shipment_log.charge (id, zone_id, weight, rate, currency_id, category) values (1261,13,49,391,1,2);
insert into shipment_log.charge (id, zone_id, weight, rate, currency_id, category) values (1262,13,49.5,391,1,2);
insert into shipment_log.charge (id, zone_id, weight, rate, currency_id, category) values (1263,13,50,391,1,2);

insert into shipment_log.charge (id, zone_id, weight, rate, currency_id, category) values (1264,14,31,341,1,2);
insert into shipment_log.charge (id, zone_id, weight, rate, currency_id, category) values (1265,14,31.5,341,1,2);
insert into shipment_log.charge (id, zone_id, weight, rate, currency_id, category) values (1266,14,32,341,1,2);
insert into shipment_log.charge (id, zone_id, weight, rate, currency_id, category) values (1267,14,32.5,341,1,2);
insert into shipment_log.charge (id, zone_id, weight, rate, currency_id, category) values (1268,14,33,341,1,2);
insert into shipment_log.charge (id, zone_id, weight, rate, currency_id, category) values (1269,14,33.5,341,1,2);
insert into shipment_log.charge (id, zone_id, weight, rate, currency_id, category) values (1270,14,34,341,1,2);
insert into shipment_log.charge (id, zone_id, weight, rate, currency_id, category) values (1271,14,34.5,341,1,2);
insert into shipment_log.charge (id, zone_id, weight, rate, currency_id, category) values (1272,14,35,341,1,2);
insert into shipment_log.charge (id, zone_id, weight, rate, currency_id, category) values (1273,14,35.5,341,1,2);
insert into shipment_log.charge (id, zone_id, weight, rate, currency_id, category) values (1274,14,36,341,1,2);
insert into shipment_log.charge (id, zone_id, weight, rate, currency_id, category) values (1275,14,36.5,341,1,2);
insert into shipment_log.charge (id, zone_id, weight, rate, currency_id, category) values (1276,14,37,341,1,2);
insert into shipment_log.charge (id, zone_id, weight, rate, currency_id, category) values (1277,14,37.5,341,1,2);
insert into shipment_log.charge (id, zone_id, weight, rate, currency_id, category) values (1278,14,38,341,1,2);
insert into shipment_log.charge (id, zone_id, weight, rate, currency_id, category) values (1279,14,38.5,341,1,2);
insert into shipment_log.charge (id, zone_id, weight, rate, currency_id, category) values (1280,14,39,341,1,2);
insert into shipment_log.charge (id, zone_id, weight, rate, currency_id, category) values (1281,14,39.5,341,1,2);
insert into shipment_log.charge (id, zone_id, weight, rate, currency_id, category) values (1282,14,40,341,1,2);
insert into shipment_log.charge (id, zone_id, weight, rate, currency_id, category) values (1283,14,40.5,341,1,2);
insert into shipment_log.charge (id, zone_id, weight, rate, currency_id, category) values (1284,14,41,341,1,2);
insert into shipment_log.charge (id, zone_id, weight, rate, currency_id, category) values (1285,14,41.5,341,1,2);
insert into shipment_log.charge (id, zone_id, weight, rate, currency_id, category) values (1286,14,42,341,1,2);
insert into shipment_log.charge (id, zone_id, weight, rate, currency_id, category) values (1287,14,42.5,341,1,2);
insert into shipment_log.charge (id, zone_id, weight, rate, currency_id, category) values (1288,14,43,341,1,2);
insert into shipment_log.charge (id, zone_id, weight, rate, currency_id, category) values (1289,14,43.5,341,1,2);
insert into shipment_log.charge (id, zone_id, weight, rate, currency_id, category) values (1290,14,44,341,1,2);
insert into shipment_log.charge (id, zone_id, weight, rate, currency_id, category) values (1291,14,44.5,341,1,2);
insert into shipment_log.charge (id, zone_id, weight, rate, currency_id, category) values (1292,14,45,341,1,2);
insert into shipment_log.charge (id, zone_id, weight, rate, currency_id, category) values (1293,14,45.5,341,1,2);
insert into shipment_log.charge (id, zone_id, weight, rate, currency_id, category) values (1294,14,46,341,1,2);
insert into shipment_log.charge (id, zone_id, weight, rate, currency_id, category) values (1295,14,46.5,341,1,2);
insert into shipment_log.charge (id, zone_id, weight, rate, currency_id, category) values (1296,14,47,341,1,2);
insert into shipment_log.charge (id, zone_id, weight, rate, currency_id, category) values (1297,14,47.5,341,1,2);
insert into shipment_log.charge (id, zone_id, weight, rate, currency_id, category) values (1298,14,48,341,1,2);
insert into shipment_log.charge (id, zone_id, weight, rate, currency_id, category) values (1299,14,48.5,341,1,2);
insert into shipment_log.charge (id, zone_id, weight, rate, currency_id, category) values (1300,14,49,341,1,2);
insert into shipment_log.charge (id, zone_id, weight, rate, currency_id, category) values (1301,14,49.5,341,1,2);
insert into shipment_log.charge (id, zone_id, weight, rate, currency_id, category) values (1302,14,50,341,1,2);

insert into shipment_log.covid_surcharge (id, country_id, provider, amount, charge_type, static_weight) values (1,1, 0, 10, 'S', 3.5);
insert into shipment_log.covid_surcharge (id, country_id, provider, amount, charge_type, static_weight) values (60,1, 0, 10, 'D', null);
insert into shipment_log.covid_surcharge (id, country_id, provider, amount, charge_type, static_weight) values (2,2, 0, 10, 'S', 3.5);
insert into shipment_log.covid_surcharge (id, country_id, provider, amount, charge_type, static_weight) values (61,2, 0, 10, 'D', null);
insert into shipment_log.covid_surcharge (id, country_id, provider, amount, charge_type, static_weight) values (3,3, 0, 10, 'S', 3.5);
insert into shipment_log.covid_surcharge (id, country_id, provider, amount, charge_type, static_weight) values (62,3, 0, 10, 'D', null);
insert into shipment_log.covid_surcharge (id, country_id, provider, amount, charge_type, static_weight) values (4,4, 0, 10, 'S', 3.5);
insert into shipment_log.covid_surcharge (id, country_id, provider, amount, charge_type, static_weight) values (63,4, 0, 10, 'D', null);
insert into shipment_log.covid_surcharge (id, country_id, provider, amount, charge_type, static_weight) values (5,5, 0, 10, 'S', 3.5);
insert into shipment_log.covid_surcharge (id, country_id, provider, amount, charge_type, static_weight) values (64,5, 0, 10, 'D', null);
insert into shipment_log.covid_surcharge (id, country_id, provider, amount, charge_type, static_weight) values (6,6, 0, 10, 'S', 3.5);
insert into shipment_log.covid_surcharge (id, country_id, provider, amount, charge_type, static_weight) values (65,6, 0, 10, 'D', null);
insert into shipment_log.covid_surcharge (id, country_id, provider, amount, charge_type, static_weight) values (7,7, 0, 10, 'S', 3.5);
insert into shipment_log.covid_surcharge (id, country_id, provider, amount, charge_type, static_weight) values (66,7, 0, 10, 'D', null);
insert into shipment_log.covid_surcharge (id, country_id, provider, amount, charge_type, static_weight) values (8,8, 0, 10, 'S', 3.5);
insert into shipment_log.covid_surcharge (id, country_id, provider, amount, charge_type, static_weight) values (67,8, 0, 10, 'D', null);
insert into shipment_log.covid_surcharge (id, country_id, provider, amount, charge_type, static_weight) values (9,9, 0, 10, 'S', 3.5);
insert into shipment_log.covid_surcharge (id, country_id, provider, amount, charge_type, static_weight) values (68,9, 0, 10, 'D', null);
insert into shipment_log.covid_surcharge (id, country_id, provider, amount, charge_type, static_weight) values (10,10, 0, 10, 'S', 3.5);
insert into shipment_log.covid_surcharge (id, country_id, provider, amount, charge_type, static_weight) values (69,10, 0, 10, 'D', null);
insert into shipment_log.covid_surcharge (id, country_id, provider, amount, charge_type, static_weight) values (11,11, 0, 10, 'S', 3.5);
insert into shipment_log.covid_surcharge (id, country_id, provider, amount, charge_type, static_weight) values (70,11, 0, 10, 'D', null);
insert into shipment_log.covid_surcharge (id, country_id, provider, amount, charge_type, static_weight) values (12,12, 0, 10, 'S', 3.5);
insert into shipment_log.covid_surcharge (id, country_id, provider, amount, charge_type, static_weight) values (71,12, 0, 10, 'D', null);
insert into shipment_log.covid_surcharge (id, country_id, provider, amount, charge_type, static_weight) values (13,13, 0, 10, 'S', 3.5);
insert into shipment_log.covid_surcharge (id, country_id, provider, amount, charge_type, static_weight) values (72,13, 0, 10, 'D', null);
insert into shipment_log.covid_surcharge (id, country_id, provider, amount, charge_type, static_weight) values (14,14, 0, 10, 'S', 3.5);
insert into shipment_log.covid_surcharge (id, country_id, provider, amount, charge_type, static_weight) values (73,14, 0, 10, 'D', null);
insert into shipment_log.covid_surcharge (id, country_id, provider, amount, charge_type, static_weight) values (15,15, 0, 10, 'S', 3.5);
insert into shipment_log.covid_surcharge (id, country_id, provider, amount, charge_type, static_weight) values (74,15, 0, 10, 'D', null);
insert into shipment_log.covid_surcharge (id, country_id, provider, amount, charge_type, static_weight) values (16,16, 0, 10, 'S', 3.5);
insert into shipment_log.covid_surcharge (id, country_id, provider, amount, charge_type, static_weight) values (75,16, 0, 10, 'D', null);
insert into shipment_log.covid_surcharge (id, country_id, provider, amount, charge_type, static_weight) values (17,17, 0, 10, 'S', 3.5);
insert into shipment_log.covid_surcharge (id, country_id, provider, amount, charge_type, static_weight) values (76,17, 0, 10, 'D', null);
insert into shipment_log.covid_surcharge (id, country_id, provider, amount, charge_type, static_weight) values (18,18, 0, 10, 'S', 3.5);
insert into shipment_log.covid_surcharge (id, country_id, provider, amount, charge_type, static_weight) values (77,18, 0, 10, 'D', null);
insert into shipment_log.covid_surcharge (id, country_id, provider, amount, charge_type, static_weight) values (19,19, 0, 10, 'S', 3.5);
insert into shipment_log.covid_surcharge (id, country_id, provider, amount, charge_type, static_weight) values (78,19, 0, 10, 'D', null);
insert into shipment_log.covid_surcharge (id, country_id, provider, amount, charge_type, static_weight) values (20,20, 0, 10, 'S', 3.5);
insert into shipment_log.covid_surcharge (id, country_id, provider, amount, charge_type, static_weight) values (79,20, 0, 10, 'D', null);
insert into shipment_log.covid_surcharge (id, country_id, provider, amount, charge_type, static_weight) values (21,21, 0, 10, 'S', 3.5);
insert into shipment_log.covid_surcharge (id, country_id, provider, amount, charge_type, static_weight) values (80,21, 0, 10, 'D', null);
insert into shipment_log.covid_surcharge (id, country_id, provider, amount, charge_type, static_weight) values (22,22, 0, 10, 'S', 3.5);
insert into shipment_log.covid_surcharge (id, country_id, provider, amount, charge_type, static_weight) values (81,22, 0, 10, 'D', null);
insert into shipment_log.covid_surcharge (id, country_id, provider, amount, charge_type, static_weight) values (23,23, 0, 10, 'S', 3.5);
insert into shipment_log.covid_surcharge (id, country_id, provider, amount, charge_type, static_weight) values (82,23, 0, 10, 'D', null);
insert into shipment_log.covid_surcharge (id, country_id, provider, amount, charge_type, static_weight) values (24,24, 0, 10, 'S', 3.5);
insert into shipment_log.covid_surcharge (id, country_id, provider, amount, charge_type, static_weight) values (83,24, 0, 10, 'D', null);
insert into shipment_log.covid_surcharge (id, country_id, provider, amount, charge_type, static_weight) values (25,25, 0, 10, 'S', 3.5);
insert into shipment_log.covid_surcharge (id, country_id, provider, amount, charge_type, static_weight) values (85,25, 0, 10, 'D', null);
insert into shipment_log.covid_surcharge (id, country_id, provider, amount, charge_type, static_weight) values (26,26, 0, 10, 'S', 3.5);
insert into shipment_log.covid_surcharge (id, country_id, provider, amount, charge_type, static_weight) values (86,26, 0, 10, 'D', null);
insert into shipment_log.covid_surcharge (id, country_id, provider, amount, charge_type, static_weight) values (27,27, 0, 10, 'S', 3.5);
insert into shipment_log.covid_surcharge (id, country_id, provider, amount, charge_type, static_weight) values (87,27, 0, 10, 'D', null);
insert into shipment_log.covid_surcharge (id, country_id, provider, amount, charge_type, static_weight) values (28,28, 0, 10, 'S', 3.5);
insert into shipment_log.covid_surcharge (id, country_id, provider, amount, charge_type, static_weight) values (88,28, 0, 10, 'D', null);
insert into shipment_log.covid_surcharge (id, country_id, provider, amount, charge_type, static_weight) values (29,29, 0, 10, 'S', 3.5);
insert into shipment_log.covid_surcharge (id, country_id, provider, amount, charge_type, static_weight) values (89,29, 0, 10, 'D', null);
insert into shipment_log.covid_surcharge (id, country_id, provider, amount, charge_type, static_weight) values (30,30, 0, 10, 'S', 3.5);
insert into shipment_log.covid_surcharge (id, country_id, provider, amount, charge_type, static_weight) values (90,30, 0, 10, 'D', null);
insert into shipment_log.covid_surcharge (id, country_id, provider, amount, charge_type, static_weight) values (31,31, 0, 10, 'S', 3.5);
insert into shipment_log.covid_surcharge (id, country_id, provider, amount, charge_type, static_weight) values (91,31, 0, 10, 'D', null);
insert into shipment_log.covid_surcharge (id, country_id, provider, amount, charge_type, static_weight) values (32,32, 0, 10, 'S', 3.5);
insert into shipment_log.covid_surcharge (id, country_id, provider, amount, charge_type, static_weight) values (92,32, 0, 10, 'D', null);
insert into shipment_log.covid_surcharge (id, country_id, provider, amount, charge_type, static_weight) values (33,33, 0, 10, 'S', 3.5);
insert into shipment_log.covid_surcharge (id, country_id, provider, amount, charge_type, static_weight) values (93,33, 0, 10, 'D', null);
insert into shipment_log.covid_surcharge (id, country_id, provider, amount, charge_type, static_weight) values (34,34, 0, 10, 'S', 3.5);
insert into shipment_log.covid_surcharge (id, country_id, provider, amount, charge_type, static_weight) values (94,34, 0, 10, 'D', null);
insert into shipment_log.covid_surcharge (id, country_id, provider, amount, charge_type, static_weight) values (35,35, 0, 10, 'S', 3.5);
insert into shipment_log.covid_surcharge (id, country_id, provider, amount, charge_type, static_weight) values (95,35, 0, 10, 'D', null);
insert into shipment_log.covid_surcharge (id, country_id, provider, amount, charge_type, static_weight) values (36,36, 0, 10, 'S', 3.5);
insert into shipment_log.covid_surcharge (id, country_id, provider, amount, charge_type, static_weight) values (96,36, 0, 10, 'D', null);
insert into shipment_log.covid_surcharge (id, country_id, provider, amount, charge_type, static_weight) values (37,37, 0, 10, 'S', 3.5);
insert into shipment_log.covid_surcharge (id, country_id, provider, amount, charge_type, static_weight) values (97,37, 0, 10, 'D', null);
insert into shipment_log.covid_surcharge (id, country_id, provider, amount, charge_type, static_weight) values (38,38, 0, 10, 'S', 3.5);
insert into shipment_log.covid_surcharge (id, country_id, provider, amount, charge_type, static_weight) values (98,38, 0, 10, 'D', null);
insert into shipment_log.covid_surcharge (id, country_id, provider, amount, charge_type, static_weight) values (39,39, 0, 10, 'S', 3.5);
insert into shipment_log.covid_surcharge (id, country_id, provider, amount, charge_type, static_weight) values (99,39, 0, 10, 'D', null);
insert into shipment_log.covid_surcharge (id, country_id, provider, amount, charge_type, static_weight) values (40,40, 0, 10, 'S', 3.5);
insert into shipment_log.covid_surcharge (id, country_id, provider, amount, charge_type, static_weight) values (100,40, 0, 10, 'D', null);
insert into shipment_log.covid_surcharge (id, country_id, provider, amount, charge_type, static_weight) values (41,41, 0, 10, 'S', 3.5);
insert into shipment_log.covid_surcharge (id, country_id, provider, amount, charge_type, static_weight) values (101,41, 0, 10, 'D', null);
insert into shipment_log.covid_surcharge (id, country_id, provider, amount, charge_type, static_weight) values (42,42, 0, 10, 'S', 3.5);
insert into shipment_log.covid_surcharge (id, country_id, provider, amount, charge_type, static_weight) values (102,42, 0, 10, 'D', null);
insert into shipment_log.covid_surcharge (id, country_id, provider, amount, charge_type, static_weight) values (43,43, 0, 10, 'S', 3.5);
insert into shipment_log.covid_surcharge (id, country_id, provider, amount, charge_type, static_weight) values (103,43, 0, 10, 'D', null);
insert into shipment_log.covid_surcharge (id, country_id, provider, amount, charge_type, static_weight) values (44,44, 0, 10, 'S', 3.5);
insert into shipment_log.covid_surcharge (id, country_id, provider, amount, charge_type, static_weight) values (104,44, 0, 10, 'D', null);
insert into shipment_log.covid_surcharge (id, country_id, provider, amount, charge_type, static_weight) values (45,45, 0, 10, 'S', 3.5);
insert into shipment_log.covid_surcharge (id, country_id, provider, amount, charge_type, static_weight) values (105,45, 0, 10, 'D', null);
insert into shipment_log.covid_surcharge (id, country_id, provider, amount, charge_type, static_weight) values (46,46, 0, 10, 'S', 3.5);
insert into shipment_log.covid_surcharge (id, country_id, provider, amount, charge_type, static_weight) values (106,46, 0, 10, 'D', null);
insert into shipment_log.covid_surcharge (id, country_id, provider, amount, charge_type, static_weight) values (47,47, 0, 10, 'S', 3.5);
insert into shipment_log.covid_surcharge (id, country_id, provider, amount, charge_type, static_weight) values (107,47, 0, 10, 'D', null);
insert into shipment_log.covid_surcharge (id, country_id, provider, amount, charge_type, static_weight) values (48,48, 0, 10, 'S', 3.5);
insert into shipment_log.covid_surcharge (id, country_id, provider, amount, charge_type, static_weight) values (108,48, 0, 10, 'D', null);
insert into shipment_log.covid_surcharge (id, country_id, provider, amount, charge_type, static_weight) values (49,49, 0, 10, 'S', 3.5);
insert into shipment_log.covid_surcharge (id, country_id, provider, amount, charge_type, static_weight) values (109,49, 0, 10, 'D', null);
insert into shipment_log.covid_surcharge (id, country_id, provider, amount, charge_type, static_weight) values (50,50, 0, 10, 'S', 3.5);
insert into shipment_log.covid_surcharge (id, country_id, provider, amount, charge_type, static_weight) values (110,50, 0, 10, 'D', null);
insert into shipment_log.covid_surcharge (id, country_id, provider, amount, charge_type, static_weight) values (51,51, 0, 10, 'S', 3.5);
insert into shipment_log.covid_surcharge (id, country_id, provider, amount, charge_type, static_weight) values (111,51, 0, 10, 'D', null);
insert into shipment_log.covid_surcharge (id, country_id, provider, amount, charge_type, static_weight) values (52,52, 0, 10, 'S', 3.5);
insert into shipment_log.covid_surcharge (id, country_id, provider, amount, charge_type, static_weight) values (112,52, 0, 10, 'D', null);
insert into shipment_log.covid_surcharge (id, country_id, provider, amount, charge_type, static_weight) values (53,53, 0, 10, 'S', 3.5);
insert into shipment_log.covid_surcharge (id, country_id, provider, amount, charge_type, static_weight) values (113,53, 0, 10, 'D', null);
insert into shipment_log.covid_surcharge (id, country_id, provider, amount, charge_type, static_weight) values (54,54, 0, 10, 'S', 3.5);
insert into shipment_log.covid_surcharge (id, country_id, provider, amount, charge_type, static_weight) values (114,54, 0, 10, 'D', null);
insert into shipment_log.covid_surcharge (id, country_id, provider, amount, charge_type, static_weight) values (55,55, 0, 10, 'S', 3.5);
insert into shipment_log.covid_surcharge (id, country_id, provider, amount, charge_type, static_weight) values (115,55, 0, 10, 'D', null);
insert into shipment_log.covid_surcharge (id, country_id, provider, amount, charge_type, static_weight) values (56,56, 0, 10, 'S', 3.5);
insert into shipment_log.covid_surcharge (id, country_id, provider, amount, charge_type, static_weight) values (116,56, 0, 10, 'D', null);
insert into shipment_log.covid_surcharge (id, country_id, provider, amount, charge_type, static_weight) values (57,57, 0, 10, 'S', 3.5);
insert into shipment_log.covid_surcharge (id, country_id, provider, amount, charge_type, static_weight) values (117,57, 0, 10, 'D', null);
insert into shipment_log.covid_surcharge (id, country_id, provider, amount, charge_type, static_weight) values (58,58, 0, 10, 'S', 3.5);
insert into shipment_log.covid_surcharge (id, country_id, provider, amount, charge_type, static_weight) values (118,59, 0, 10, 'D', null);
insert into shipment_log.covid_surcharge (id, country_id, provider, amount, charge_type, static_weight) values (59,59, 0, 10, 'S', 3.5);
insert into shipment_log.covid_surcharge (id, country_id, provider, amount, charge_type, static_weight) values (119,59, 0, 10, 'D', null);

insert into shipment_log.user_commision(id, created_by, created_on, modified_by, modified_on, cocourier_user_id, parent_user_id, percentage)
values (1000, 'batch', sysdate(), 'batch', sysdate(), 'vaibhavn', 'amitg', 15);